gameId,attemptNum,targetNum,guess,guessId,response,lowerBound,upperBound,numAvailable,prob,entropy,infoGain,optimalGuess,isOptimal,outOfBounds,numExcluded,propExcluded,numAvailable.optimal,prob.optimal,entropy.optimal,infoGain.optimal,numExcluded.optimal,propExcluded.optimal,infoGain.norm,propExcluded.norm,mili
1,1,1,50,1_7,lower,1,100,100,0.01,6.643856189774724,1.029146345659517,50,1,0,51,0.51,50,0.02,5.643856189774724,1,50,0.5,1.029146345659517,1.02,0.001
1,2,1,25,1_7,lower,1,49,49,0.02040816326530612,5.6147098441152075,1.0297473433940514,25,1,0,25,0.5102040816326531,25,0.04,4.643856189774724,0.9708536543404831,24,0.4897959183673469,1.0606617576091586,1.0416666666666667,0.001
1,3,1,12,1_7,lower,1,24,24,0.041666666666666664,4.584962500721156,1.1255308820838588,12,1,0,13,0.5416666666666666,12,0.08333333333333333,3.584962500721156,1,12,0.5,1.1255308820838588,1.0833333333333333,0.001
1,4,1,6,1_7,lower,1,11,11,0.09090909090909091,3.4594316186372973,1.1375035237499351,6,1,0,6,0.5454545454545454,6,0.16666666666666666,2.584962500721156,0.8744691179161412,5,0.45454545454545453,1.300793247519826,1.2,0.001
1,5,1,3,1_7,lower,1,5,5,0.2,2.321928094887362,1.3219280948873622,3,1,0,3,0.6,3,0.3333333333333333,1.584962500721156,0.7369655941662061,2,0.4,1.7937446542303994,1.4999999999999998,0.001
1,6,1,1,1_7,correct,1,2,2,0.5,1,1,1,1,0,1,0.5,1,1,-0,1,1,0.5,1,1,0.001
2,1,2,50,2_7,lower,1,100,100,0.01,6.643856189774724,1.029146345659517,50,1,0,51,0.51,50,0.02,5.643856189774724,1,50,0.5,1.029146345659517,1.02,0.001
2,2,2,25,2_7,lower,1,49,49,0.02040816326530612,5.6147098441152075,1.0297473433940514,25,1,0,25,0.5102040816326531,25,0.04,4.643856189774724,0.9708536543404831,24,0.4897959183673469,1.0606617576091586,1.0416666666666667,0.001
2,3,2,12,2_7,lower,1,24,24,0.041666666666666664,4.584962500721156,1.1255308820838588,12,1,0,13,0.5416666666666666,12,0.08333333333333333,3.584962500721156,1,12,0.5,1.1255308820838588,1.0833333333333333,0.001
2,4,2,6,2_7,lower,1,11,11,0.09090909090909091,3.4594316186372973,1.1375035237499351,6,1,0,6,0.5454545454545454,6,0.16666666666666666,2.584962500721156,0.8744691179161412,5,0.45454545454545453,1.300793247519826,1.2,0.001
2,5,2,3,2_7,lower,1,5,5,0.2,2.321928094887362,1.3219280948873622,3,1,0,3,0.6,3,0.3333333333333333,1.584962500721156,0.7369655941662061,2,0.4,1.7937446542303994,1.4999999999999998,0.001
2,6,2,1,2_7,higher,1,2,2,0.5,1,1,1,1,0,1,0.5,1,1,-0,1,1,0.5,1,1,0.001
2,7,2,2,2_7,correct,2,2,1,1,-0,-0,2,1,0,0,0,1,1,-0,0,0,0,NA,NA,0.001
3,1,3,50,3_7,lower,1,100,100,0.01,6.643856189774724,1.029146345659517,50,1,0,51,0.51,50,0.02,5.643856189774724,1,50,0.5,1.029146345659517,1.02,0.001
3,2,3,25,3_7,lower,1,49,49,0.02040816326530612,5.6147098441152075,1.0297473433940514,25,1,0,25,0.5102040816326531,25,0.04,4.643856189774724,0.9708536543404831,24,0.4897959183673469,1.0606617576091586,1.0416666666666667,0.001
3,3,3,12,3_7,lower,1,24,24,0.041666666666666664,4.584962500721156,1.1255308820838588,12,1,0,13,0.5416666666666666,12,0.08333333333333333,3.584962500721156,1,12,0.5,1.1255308820838588,1.0833333333333333,0.001
3,4,3,6,3_7,lower,1,11,11,0.09090909090909091,3.4594316186372973,1.1375035237499351,6,1,0,6,0.5454545454545454,6,0.16666666666666666,2.584962500721156,0.8744691179161412,5,0.45454545454545453,1.300793247519826,1.2,0.001
3,5,3,3,3_7,correct,1,5,5,0.2,2.321928094887362,2.321928094887362,3,1,0,4,0.8,1,1,-0,2.321928094887362,4,0.8,1,1,0.001
4,1,4,50,4_7,lower,1,100,100,0.01,6.643856189774724,1.029146345659517,50,1,0,51,0.51,50,0.02,5.643856189774724,1,50,0.5,1.029146345659517,1.02,0.001
4,2,4,25,4_7,lower,1,49,49,0.02040816326530612,5.6147098441152075,1.0297473433940514,25,1,0,25,0.5102040816326531,25,0.04,4.643856189774724,0.9708536543404831,24,0.4897959183673469,1.0606617576091586,1.0416666666666667,0.001
4,3,4,12,4_7,lower,1,24,24,0.041666666666666664,4.584962500721156,1.1255308820838588,12,1,0,13,0.5416666666666666,12,0.08333333333333333,3.584962500721156,1,12,0.5,1.1255308820838588,1.0833333333333333,0.001
4,4,4,6,4_7,lower,1,11,11,0.09090909090909091,3.4594316186372973,1.1375035237499351,6,1,0,6,0.5454545454545454,6,0.16666666666666666,2.584962500721156,0.8744691179161412,5,0.45454545454545453,1.300793247519826,1.2,0.001
4,5,4,3,4_7,higher,1,5,5,0.2,2.321928094887362,1.3219280948873622,3,1,0,3,0.6,2,0.5,1,1.3219280948873622,3,0.6,1,1,0.001
4,6,4,4,4_7,correct,4,5,2,0.5,1,1,4,1,0,1,0.5,1,1,-0,1,1,0.5,1,1,0.001
5,1,5,50,5_7,lower,1,100,100,0.01,6.643856189774724,1.029146345659517,50,1,0,51,0.51,50,0.02,5.643856189774724,1,50,0.5,1.029146345659517,1.02,0.001
5,2,5,25,5_7,lower,1,49,49,0.02040816326530612,5.6147098441152075,1.0297473433940514,25,1,0,25,0.5102040816326531,25,0.04,4.643856189774724,0.9708536543404831,24,0.4897959183673469,1.0606617576091586,1.0416666666666667,0.001
5,3,5,12,5_7,lower,1,24,24,0.041666666666666664,4.584962500721156,1.1255308820838588,12,1,0,13,0.5416666666666666,12,0.08333333333333333,3.584962500721156,1,12,0.5,1.1255308820838588,1.0833333333333333,0.001
5,4,5,6,5_7,lower,1,11,11,0.09090909090909091,3.4594316186372973,1.1375035237499351,6,1,0,6,0.5454545454545454,6,0.16666666666666666,2.584962500721156,0.8744691179161412,5,0.45454545454545453,1.300793247519826,1.2,0.001
5,5,5,3,5_7,higher,1,5,5,0.2,2.321928094887362,1.3219280948873622,3,1,0,3,0.6,2,0.5,1,1.3219280948873622,3,0.6,1,1,0.001
5,6,5,4,5_7,higher,4,5,2,0.5,1,1,4,1,0,1,0.5,1,1,-0,1,1,0.5,1,1,0.001
5,7,5,5,5_7,correct,5,5,1,1,-0,-0,5,1,0,0,0,1,1,-0,0,0,0,NA,NA,0.001
6,1,6,50,6_7,lower,1,100,100,0.01,6.643856189774724,1.029146345659517,50,1,0,51,0.51,50,0.02,5.643856189774724,1,50,0.5,1.029146345659517,1.02,0.001
6,2,6,25,6_7,lower,1,49,49,0.02040816326530612,5.6147098441152075,1.0297473433940514,25,1,0,25,0.5102040816326531,25,0.04,4.643856189774724,0.9708536543404831,24,0.4897959183673469,1.0606617576091586,1.0416666666666667,0.001
6,3,6,12,6_7,lower,1,24,24,0.041666666666666664,4.584962500721156,1.1255308820838588,12,1,0,13,0.5416666666666666,12,0.08333333333333333,3.584962500721156,1,12,0.5,1.1255308820838588,1.0833333333333333,0.001
6,4,6,6,6_7,correct,1,11,11,0.09090909090909091,3.4594316186372973,3.4594316186372973,6,1,0,10,0.9090909090909091,1,1,-0,3.4594316186372973,10,0.9090909090909091,1,1,0.001
7,1,7,50,7_7,lower,1,100,100,0.01,6.643856189774724,1.029146345659517,50,1,0,51,0.51,50,0.02,5.643856189774724,1,50,0.5,1.029146345659517,1.02,0.001
7,2,7,25,7_7,lower,1,49,49,0.02040816326530612,5.6147098441152075,1.0297473433940514,25,1,0,25,0.5102040816326531,25,0.04,4.643856189774724,0.9708536543404831,24,0.4897959183673469,1.0606617576091586,1.0416666666666667,0.001
7,3,7,12,7_7,lower,1,24,24,0.041666666666666664,4.584962500721156,1.1255308820838588,12,1,0,13,0.5416666666666666,12,0.08333333333333333,3.584962500721156,1,12,0.5,1.1255308820838588,1.0833333333333333,0.001
7,4,7,6,7_7,higher,1,11,11,0.09090909090909091,3.4594316186372973,1.1375035237499351,6,1,0,6,0.5454545454545454,5,0.2,2.321928094887362,1.1375035237499351,6,0.5454545454545454,1,1,0.001
7,5,7,9,7_7,lower,7,11,5,0.2,2.321928094887362,1.3219280948873622,9,1,0,3,0.6,3,0.3333333333333333,1.584962500721156,0.7369655941662061,2,0.4,1.7937446542303994,1.4999999999999998,0.001
7,6,7,7,7_7,correct,7,8,2,0.5,1,1,7,1,0,1,0.5,1,1,-0,1,1,0.5,1,1,0.001
8,1,8,50,8_7,lower,1,100,100,0.01,6.643856189774724,1.029146345659517,50,1,0,51,0.51,50,0.02,5.643856189774724,1,50,0.5,1.029146345659517,1.02,0.001
8,2,8,25,8_7,lower,1,49,49,0.02040816326530612,5.6147098441152075,1.0297473433940514,25,1,0,25,0.5102040816326531,25,0.04,4.643856189774724,0.9708536543404831,24,0.4897959183673469,1.0606617576091586,1.0416666666666667,0.001
8,3,8,12,8_7,lower,1,24,24,0.041666666666666664,4.584962500721156,1.1255308820838588,12,1,0,13,0.5416666666666666,12,0.08333333333333333,3.584962500721156,1,12,0.5,1.1255308820838588,1.0833333333333333,0.001
8,4,8,6,8_7,higher,1,11,11,0.09090909090909091,3.4594316186372973,1.1375035237499351,6,1,0,6,0.5454545454545454,5,0.2,2.321928094887362,1.1375035237499351,6,0.5454545454545454,1,1,0.001
8,5,8,9,8_7,lower,7,11,5,0.2,2.321928094887362,1.3219280948873622,9,1,0,3,0.6,3,0.3333333333333333,1.584962500721156,0.7369655941662061,2,0.4,1.7937446542303994,1.4999999999999998,0.001
8,6,8,7,8_7,higher,7,8,2,0.5,1,1,7,1,0,1,0.5,1,1,-0,1,1,0.5,1,1,0.001
8,7,8,8,8_7,correct,8,8,1,1,-0,-0,8,1,0,0,0,1,1,-0,0,0,0,NA,NA,0.001
9,1,9,50,9_7,lower,1,100,100,0.01,6.643856189774724,1.029146345659517,50,1,0,51,0.51,50,0.02,5.643856189774724,1,50,0.5,1.029146345659517,1.02,0.001
9,2,9,25,9_7,lower,1,49,49,0.02040816326530612,5.6147098441152075,1.0297473433940514,25,1,0,25,0.5102040816326531,25,0.04,4.643856189774724,0.9708536543404831,24,0.4897959183673469,1.0606617576091586,1.0416666666666667,0.001
9,3,9,12,9_7,lower,1,24,24,0.041666666666666664,4.584962500721156,1.1255308820838588,12,1,0,13,0.5416666666666666,12,0.08333333333333333,3.584962500721156,1,12,0.5,1.1255308820838588,1.0833333333333333,0.001
9,4,9,6,9_7,higher,1,11,11,0.09090909090909091,3.4594316186372973,1.1375035237499351,6,1,0,6,0.5454545454545454,5,0.2,2.321928094887362,1.1375035237499351,6,0.5454545454545454,1,1,0.001
9,5,9,9,9_7,correct,7,11,5,0.2,2.321928094887362,2.321928094887362,9,1,0,4,0.8,1,1,-0,2.321928094887362,4,0.8,1,1,0.001
10,1,10,50,10_7,lower,1,100,100,0.01,6.643856189774724,1.029146345659517,50,1,0,51,0.51,50,0.02,5.643856189774724,1,50,0.5,1.029146345659517,1.02,0.001
10,2,10,25,10_7,lower,1,49,49,0.02040816326530612,5.6147098441152075,1.0297473433940514,25,1,0,25,0.5102040816326531,25,0.04,4.643856189774724,0.9708536543404831,24,0.4897959183673469,1.0606617576091586,1.0416666666666667,0.001
10,3,10,12,10_7,lower,1,24,24,0.041666666666666664,4.584962500721156,1.1255308820838588,12,1,0,13,0.5416666666666666,12,0.08333333333333333,3.584962500721156,1,12,0.5,1.1255308820838588,1.0833333333333333,0.001
10,4,10,6,10_7,higher,1,11,11,0.09090909090909091,3.4594316186372973,1.1375035237499351,6,1,0,6,0.5454545454545454,5,0.2,2.321928094887362,1.1375035237499351,6,0.5454545454545454,1,1,0.001
10,5,10,9,10_7,higher,7,11,5,0.2,2.321928094887362,1.3219280948873622,9,1,0,3,0.6,2,0.5,1,1.3219280948873622,3,0.6,1,1,0.001
10,6,10,10,10_7,correct,10,11,2,0.5,1,1,10,1,0,1,0.5,1,1,-0,1,1,0.5,1,1,0.001
11,1,11,50,11_7,lower,1,100,100,0.01,6.643856189774724,1.029146345659517,50,1,0,51,0.51,50,0.02,5.643856189774724,1,50,0.5,1.029146345659517,1.02,0.001
11,2,11,25,11_7,lower,1,49,49,0.02040816326530612,5.6147098441152075,1.0297473433940514,25,1,0,25,0.5102040816326531,25,0.04,4.643856189774724,0.9708536543404831,24,0.4897959183673469,1.0606617576091586,1.0416666666666667,0.001
11,3,11,12,11_7,lower,1,24,24,0.041666666666666664,4.584962500721156,1.1255308820838588,12,1,0,13,0.5416666666666666,12,0.08333333333333333,3.584962500721156,1,12,0.5,1.1255308820838588,1.0833333333333333,0.001
11,4,11,6,11_7,higher,1,11,11,0.09090909090909091,3.4594316186372973,1.1375035237499351,6,1,0,6,0.5454545454545454,5,0.2,2.321928094887362,1.1375035237499351,6,0.5454545454545454,1,1,0.001
11,5,11,9,11_7,higher,7,11,5,0.2,2.321928094887362,1.3219280948873622,9,1,0,3,0.6,2,0.5,1,1.3219280948873622,3,0.6,1,1,0.001
11,6,11,10,11_7,higher,10,11,2,0.5,1,1,10,1,0,1,0.5,1,1,-0,1,1,0.5,1,1,0.001
11,7,11,11,11_7,correct,11,11,1,1,-0,-0,11,1,0,0,0,1,1,-0,0,0,0,NA,NA,0.001
12,1,12,50,12_7,lower,1,100,100,0.01,6.643856189774724,1.029146345659517,50,1,0,51,0.51,50,0.02,5.643856189774724,1,50,0.5,1.029146345659517,1.02,0.001
12,2,12,25,12_7,lower,1,49,49,0.02040816326530612,5.6147098441152075,1.0297473433940514,25,1,0,25,0.5102040816326531,25,0.04,4.643856189774724,0.9708536543404831,24,0.4897959183673469,1.0606617576091586,1.0416666666666667,0.001
12,3,12,12,12_7,correct,1,24,24,0.041666666666666664,4.584962500721156,4.584962500721156,12,1,0,23,0.9583333333333334,1,1,-0,4.584962500721156,23,0.9583333333333334,1,1,0.001
13,1,13,50,13_7,lower,1,100,100,0.01,6.643856189774724,1.029146345659517,50,1,0,51,0.51,50,0.02,5.643856189774724,1,50,0.5,1.029146345659517,1.02,0.001
13,2,13,25,13_7,lower,1,49,49,0.02040816326530612,5.6147098441152075,1.0297473433940514,25,1,0,25,0.5102040816326531,25,0.04,4.643856189774724,0.9708536543404831,24,0.4897959183673469,1.0606617576091586,1.0416666666666667,0.001
13,3,13,12,13_7,higher,1,24,24,0.041666666666666664,4.584962500721156,1,12,1,0,12,0.5,12,0.08333333333333333,3.584962500721156,1,12,0.5,1,1,0.001
13,4,13,18,13_7,lower,13,24,12,0.08333333333333333,3.584962500721156,1.263034405833794,18,1,0,7,0.5833333333333334,6,0.16666666666666666,2.584962500721156,1,6,0.5,1.263034405833794,1.1666666666666667,0.001
13,5,13,15,13_7,lower,13,17,5,0.2,2.321928094887362,1.3219280948873622,15,1,0,3,0.6,3,0.3333333333333333,1.584962500721156,0.7369655941662061,2,0.4,1.7937446542303994,1.4999999999999998,0.001
13,6,13,13,13_7,correct,13,14,2,0.5,1,1,13,1,0,1,0.5,1,1,-0,1,1,0.5,1,1,0.001
14,1,14,50,14_7,lower,1,100,100,0.01,6.643856189774724,1.029146345659517,50,1,0,51,0.51,50,0.02,5.643856189774724,1,50,0.5,1.029146345659517,1.02,0.001
14,2,14,25,14_7,lower,1,49,49,0.02040816326530612,5.6147098441152075,1.0297473433940514,25,1,0,25,0.5102040816326531,25,0.04,4.643856189774724,0.9708536543404831,24,0.4897959183673469,1.0606617576091586,1.0416666666666667,0.001
14,3,14,12,14_7,higher,1,24,24,0.041666666666666664,4.584962500721156,1,12,1,0,12,0.5,12,0.08333333333333333,3.584962500721156,1,12,0.5,1,1,0.001
14,4,14,18,14_7,lower,13,24,12,0.08333333333333333,3.584962500721156,1.263034405833794,18,1,0,7,0.5833333333333334,6,0.16666666666666666,2.584962500721156,1,6,0.5,1.263034405833794,1.1666666666666667,0.001
14,5,14,15,14_7,lower,13,17,5,0.2,2.321928094887362,1.3219280948873622,15,1,0,3,0.6,3,0.3333333333333333,1.584962500721156,0.7369655941662061,2,0.4,1.7937446542303994,1.4999999999999998,0.001
14,6,14,13,14_7,higher,13,14,2,0.5,1,1,13,1,0,1,0.5,1,1,-0,1,1,0.5,1,1,0.001
14,7,14,14,14_7,correct,14,14,1,1,-0,-0,14,1,0,0,0,1,1,-0,0,0,0,NA,NA,0.001
15,1,15,50,15_7,lower,1,100,100,0.01,6.643856189774724,1.029146345659517,50,1,0,51,0.51,50,0.02,5.643856189774724,1,50,0.5,1.029146345659517,1.02,0.001
15,2,15,25,15_7,lower,1,49,49,0.02040816326530612,5.6147098441152075,1.0297473433940514,25,1,0,25,0.5102040816326531,25,0.04,4.643856189774724,0.9708536543404831,24,0.4897959183673469,1.0606617576091586,1.0416666666666667,0.001
15,3,15,12,15_7,higher,1,24,24,0.041666666666666664,4.584962500721156,1,12,1,0,12,0.5,12,0.08333333333333333,3.584962500721156,1,12,0.5,1,1,0.001
15,4,15,18,15_7,lower,13,24,12,0.08333333333333333,3.584962500721156,1.263034405833794,18,1,0,7,0.5833333333333334,6,0.16666666666666666,2.584962500721156,1,6,0.5,1.263034405833794,1.1666666666666667,0.001
15,5,15,15,15_7,correct,13,17,5,0.2,2.321928094887362,2.321928094887362,15,1,0,4,0.8,1,1,-0,2.321928094887362,4,0.8,1,1,0.001
16,1,16,50,16_7,lower,1,100,100,0.01,6.643856189774724,1.029146345659517,50,1,0,51,0.51,50,0.02,5.643856189774724,1,50,0.5,1.029146345659517,1.02,0.001
16,2,16,25,16_7,lower,1,49,49,0.02040816326530612,5.6147098441152075,1.0297473433940514,25,1,0,25,0.5102040816326531,25,0.04,4.643856189774724,0.9708536543404831,24,0.4897959183673469,1.0606617576091586,1.0416666666666667,0.001
16,3,16,12,16_7,higher,1,24,24,0.041666666666666664,4.584962500721156,1,12,1,0,12,0.5,12,0.08333333333333333,3.584962500721156,1,12,0.5,1,1,0.001
16,4,16,18,16_7,lower,13,24,12,0.08333333333333333,3.584962500721156,1.263034405833794,18,1,0,7,0.5833333333333334,6,0.16666666666666666,2.584962500721156,1,6,0.5,1.263034405833794,1.1666666666666667,0.001
16,5,16,15,16_7,higher,13,17,5,0.2,2.321928094887362,1.3219280948873622,15,1,0,3,0.6,2,0.5,1,1.3219280948873622,3,0.6,1,1,0.001
16,6,16,16,16_7,correct,16,17,2,0.5,1,1,16,1,0,1,0.5,1,1,-0,1,1,0.5,1,1,0.001
17,1,17,50,17_7,lower,1,100,100,0.01,6.643856189774724,1.029146345659517,50,1,0,51,0.51,50,0.02,5.643856189774724,1,50,0.5,1.029146345659517,1.02,0.001
17,2,17,25,17_7,lower,1,49,49,0.02040816326530612,5.6147098441152075,1.0297473433940514,25,1,0,25,0.5102040816326531,25,0.04,4.643856189774724,0.9708536543404831,24,0.4897959183673469,1.0606617576091586,1.0416666666666667,0.001
17,3,17,12,17_7,higher,1,24,24,0.041666666666666664,4.584962500721156,1,12,1,0,12,0.5,12,0.08333333333333333,3.584962500721156,1,12,0.5,1,1,0.001
17,4,17,18,17_7,lower,13,24,12,0.08333333333333333,3.584962500721156,1.263034405833794,18,1,0,7,0.5833333333333334,6,0.16666666666666666,2.584962500721156,1,6,0.5,1.263034405833794,1.1666666666666667,0.001
17,5,17,15,17_7,higher,13,17,5,0.2,2.321928094887362,1.3219280948873622,15,1,0,3,0.6,2,0.5,1,1.3219280948873622,3,0.6,1,1,0.001
17,6,17,16,17_7,higher,16,17,2,0.5,1,1,16,1,0,1,0.5,1,1,-0,1,1,0.5,1,1,0.001
17,7,17,17,17_7,correct,17,17,1,1,-0,-0,17,1,0,0,0,1,1,-0,0,0,0,NA,NA,0.001
18,1,18,50,18_7,lower,1,100,100,0.01,6.643856189774724,1.029146345659517,50,1,0,51,0.51,50,0.02,5.643856189774724,1,50,0.5,1.029146345659517,1.02,0.001
18,2,18,25,18_7,lower,1,49,49,0.02040816326530612,5.6147098441152075,1.0297473433940514,25,1,0,25,0.5102040816326531,25,0.04,4.643856189774724,0.9708536543404831,24,0.4897959183673469,1.0606617576091586,1.0416666666666667,0.001
18,3,18,12,18_7,higher,1,24,24,0.041666666666666664,4.584962500721156,1,12,1,0,12,0.5,12,0.08333333333333333,3.584962500721156,1,12,0.5,1,1,0.001
18,4,18,18,18_7,correct,13,24,12,0.08333333333333333,3.584962500721156,3.584962500721156,18,1,0,11,0.9166666666666666,1,1,-0,3.584962500721156,11,0.9166666666666666,1,1,0.001
19,1,19,50,19_7,lower,1,100,100,0.01,6.643856189774724,1.029146345659517,50,1,0,51,0.51,50,0.02,5.643856189774724,1,50,0.5,1.029146345659517,1.02,0.001
19,2,19,25,19_7,lower,1,49,49,0.02040816326530612,5.6147098441152075,1.0297473433940514,25,1,0,25,0.5102040816326531,25,0.04,4.643856189774724,0.9708536543404831,24,0.4897959183673469,1.0606617576091586,1.0416666666666667,0.001
19,3,19,12,19_7,higher,1,24,24,0.041666666666666664,4.584962500721156,1,12,1,0,12,0.5,12,0.08333333333333333,3.584962500721156,1,12,0.5,1,1,0.001
19,4,19,18,19_7,higher,13,24,12,0.08333333333333333,3.584962500721156,1,18,1,0,6,0.5,6,0.16666666666666666,2.584962500721156,1,6,0.5,1,1,0.001
19,5,19,21,19_7,lower,19,24,6,0.16666666666666666,2.584962500721156,1.584962500721156,21,1,0,4,0.6666666666666666,3,0.3333333333333333,1.584962500721156,1,3,0.5,1.584962500721156,1.3333333333333333,0.001
19,6,19,19,19_7,correct,19,20,2,0.5,1,1,19,1,0,1,0.5,1,1,-0,1,1,0.5,1,1,0.001
20,1,20,50,20_7,lower,1,100,100,0.01,6.643856189774724,1.029146345659517,50,1,0,51,0.51,50,0.02,5.643856189774724,1,50,0.5,1.029146345659517,1.02,0.001
20,2,20,25,20_7,lower,1,49,49,0.02040816326530612,5.6147098441152075,1.0297473433940514,25,1,0,25,0.5102040816326531,25,0.04,4.643856189774724,0.9708536543404831,24,0.4897959183673469,1.0606617576091586,1.0416666666666667,0.001
20,3,20,12,20_7,higher,1,24,24,0.041666666666666664,4.584962500721156,1,12,1,0,12,0.5,12,0.08333333333333333,3.584962500721156,1,12,0.5,1,1,0.001
20,4,20,18,20_7,higher,13,24,12,0.08333333333333333,3.584962500721156,1,18,1,0,6,0.5,6,0.16666666666666666,2.584962500721156,1,6,0.5,1,1,0.001
20,5,20,21,20_7,lower,19,24,6,0.16666666666666666,2.584962500721156,1.584962500721156,21,1,0,4,0.6666666666666666,3,0.3333333333333333,1.584962500721156,1,3,0.5,1.584962500721156,1.3333333333333333,0.001
20,6,20,19,20_7,higher,19,20,2,0.5,1,1,19,1,0,1,0.5,1,1,-0,1,1,0.5,1,1,0.001
20,7,20,20,20_7,correct,20,20,1,1,-0,-0,20,1,0,0,0,1,1,-0,0,0,0,NA,NA,0.001
21,1,21,50,21_7,lower,1,100,100,0.01,6.643856189774724,1.029146345659517,50,1,0,51,0.51,50,0.02,5.643856189774724,1,50,0.5,1.029146345659517,1.02,0.001
21,2,21,25,21_7,lower,1,49,49,0.02040816326530612,5.6147098441152075,1.0297473433940514,25,1,0,25,0.5102040816326531,25,0.04,4.643856189774724,0.9708536543404831,24,0.4897959183673469,1.0606617576091586,1.0416666666666667,0.001
21,3,21,12,21_7,higher,1,24,24,0.041666666666666664,4.584962500721156,1,12,1,0,12,0.5,12,0.08333333333333333,3.584962500721156,1,12,0.5,1,1,0.001
21,4,21,18,21_7,higher,13,24,12,0.08333333333333333,3.584962500721156,1,18,1,0,6,0.5,6,0.16666666666666666,2.584962500721156,1,6,0.5,1,1,0.001
21,5,21,21,21_7,correct,19,24,6,0.16666666666666666,2.584962500721156,2.584962500721156,21,1,0,5,0.8333333333333334,1,1,-0,2.584962500721156,5,0.8333333333333334,1,1,0.001
22,1,22,50,22_7,lower,1,100,100,0.01,6.643856189774724,1.029146345659517,50,1,0,51,0.51,50,0.02,5.643856189774724,1,50,0.5,1.029146345659517,1.02,0.001
22,2,22,25,22_7,lower,1,49,49,0.02040816326530612,5.6147098441152075,1.0297473433940514,25,1,0,25,0.5102040816326531,25,0.04,4.643856189774724,0.9708536543404831,24,0.4897959183673469,1.0606617576091586,1.0416666666666667,0.001
22,3,22,12,22_7,higher,1,24,24,0.041666666666666664,4.584962500721156,1,12,1,0,12,0.5,12,0.08333333333333333,3.584962500721156,1,12,0.5,1,1,0.001
22,4,22,18,22_7,higher,13,24,12,0.08333333333333333,3.584962500721156,1,18,1,0,6,0.5,6,0.16666666666666666,2.584962500721156,1,6,0.5,1,1,0.001
22,5,22,21,22_7,higher,19,24,6,0.16666666666666666,2.584962500721156,1,21,1,0,3,0.5,3,0.3333333333333333,1.584962500721156,1,3,0.5,1,1,0.001
22,6,22,23,22_7,lower,22,24,3,0.3333333333333333,1.584962500721156,1.584962500721156,23,1,0,2,0.6666666666666666,2,0.5,1,0.5849625007211561,1,0.3333333333333333,2.709511291351455,2,0.001
22,7,22,22,22_7,correct,22,22,1,1,-0,-0,22,1,0,0,0,1,1,-0,0,0,0,NA,NA,0.001
23,1,23,50,23_7,lower,1,100,100,0.01,6.643856189774724,1.029146345659517,50,1,0,51,0.51,50,0.02,5.643856189774724,1,50,0.5,1.029146345659517,1.02,0.001
23,2,23,25,23_7,lower,1,49,49,0.02040816326530612,5.6147098441152075,1.0297473433940514,25,1,0,25,0.5102040816326531,25,0.04,4.643856189774724,0.9708536543404831,24,0.4897959183673469,1.0606617576091586,1.0416666666666667,0.001
23,3,23,12,23_7,higher,1,24,24,0.041666666666666664,4.584962500721156,1,12,1,0,12,0.5,12,0.08333333333333333,3.584962500721156,1,12,0.5,1,1,0.001
23,4,23,18,23_7,higher,13,24,12,0.08333333333333333,3.584962500721156,1,18,1,0,6,0.5,6,0.16666666666666666,2.584962500721156,1,6,0.5,1,1,0.001
23,5,23,21,23_7,higher,19,24,6,0.16666666666666666,2.584962500721156,1,21,1,0,3,0.5,3,0.3333333333333333,1.584962500721156,1,3,0.5,1,1,0.001
23,6,23,23,23_7,correct,22,24,3,0.3333333333333333,1.584962500721156,1.584962500721156,23,1,0,2,0.6666666666666666,1,1,-0,1.584962500721156,2,0.6666666666666666,1,1,0.001
24,1,24,50,24_7,lower,1,100,100,0.01,6.643856189774724,1.029146345659517,50,1,0,51,0.51,50,0.02,5.643856189774724,1,50,0.5,1.029146345659517,1.02,0.001
24,2,24,25,24_7,lower,1,49,49,0.02040816326530612,5.6147098441152075,1.0297473433940514,25,1,0,25,0.5102040816326531,25,0.04,4.643856189774724,0.9708536543404831,24,0.4897959183673469,1.0606617576091586,1.0416666666666667,0.001
24,3,24,12,24_7,higher,1,24,24,0.041666666666666664,4.584962500721156,1,12,1,0,12,0.5,12,0.08333333333333333,3.584962500721156,1,12,0.5,1,1,0.001
24,4,24,18,24_7,higher,13,24,12,0.08333333333333333,3.584962500721156,1,18,1,0,6,0.5,6,0.16666666666666666,2.584962500721156,1,6,0.5,1,1,0.001
24,5,24,21,24_7,higher,19,24,6,0.16666666666666666,2.584962500721156,1,21,1,0,3,0.5,3,0.3333333333333333,1.584962500721156,1,3,0.5,1,1,0.001
24,6,24,23,24_7,higher,22,24,3,0.3333333333333333,1.584962500721156,1.584962500721156,23,1,0,2,0.6666666666666666,1,1,-0,1.584962500721156,2,0.6666666666666666,1,1,0.001
24,7,24,24,24_7,correct,24,24,1,1,-0,-0,24,1,0,0,0,1,1,-0,0,0,0,NA,NA,0.001
25,1,25,50,25_7,lower,1,100,100,0.01,6.643856189774724,1.029146345659517,50,1,0,51,0.51,50,0.02,5.643856189774724,1,50,0.5,1.029146345659517,1.02,0.001
25,2,25,25,25_7,correct,1,49,49,0.02040816326530612,5.6147098441152075,5.6147098441152075,25,1,0,48,0.9795918367346939,1,1,-0,5.6147098441152075,48,0.9795918367346939,1,1,0.001
26,1,26,50,26_7,lower,1,100,100,0.01,6.643856189774724,1.029146345659517,50,1,0,51,0.51,50,0.02,5.643856189774724,1,50,0.5,1.029146345659517,1.02,0.001
26,2,26,25,26_7,higher,1,49,49,0.02040816326530612,5.6147098441152075,1.0297473433940514,25,1,0,25,0.5102040816326531,24,0.041666666666666664,4.584962500721156,1.0297473433940514,25,0.5102040816326531,1,1,0.001
26,3,26,37,26_7,lower,26,49,24,0.041666666666666664,4.584962500721156,1.1255308820838588,37,1,0,13,0.5416666666666666,12,0.08333333333333333,3.584962500721156,1,12,0.5,1.1255308820838588,1.0833333333333333,0.001
26,4,26,31,26_7,lower,26,36,11,0.09090909090909091,3.4594316186372973,1.1375035237499351,31,1,0,6,0.5454545454545454,6,0.16666666666666666,2.584962500721156,0.8744691179161412,5,0.45454545454545453,1.300793247519826,1.2,0.001
26,5,26,28,26_7,lower,26,30,5,0.2,2.321928094887362,1.3219280948873622,28,1,0,3,0.6,3,0.3333333333333333,1.584962500721156,0.7369655941662061,2,0.4,1.7937446542303994,1.4999999999999998,0.001
26,6,26,26,26_7,correct,26,27,2,0.5,1,1,26,1,0,1,0.5,1,1,-0,1,1,0.5,1,1,0.001
27,1,27,50,27_7,lower,1,100,100,0.01,6.643856189774724,1.029146345659517,50,1,0,51,0.51,50,0.02,5.643856189774724,1,50,0.5,1.029146345659517,1.02,0.001
27,2,27,25,27_7,higher,1,49,49,0.02040816326530612,5.6147098441152075,1.0297473433940514,25,1,0,25,0.5102040816326531,24,0.041666666666666664,4.584962500721156,1.0297473433940514,25,0.5102040816326531,1,1,0.001
27,3,27,37,27_7,lower,26,49,24,0.041666666666666664,4.584962500721156,1.1255308820838588,37,1,0,13,0.5416666666666666,12,0.08333333333333333,3.584962500721156,1,12,0.5,1.1255308820838588,1.0833333333333333,0.001
27,4,27,31,27_7,lower,26,36,11,0.09090909090909091,3.4594316186372973,1.1375035237499351,31,1,0,6,0.5454545454545454,6,0.16666666666666666,2.584962500721156,0.8744691179161412,5,0.45454545454545453,1.300793247519826,1.2,0.001
27,5,27,28,27_7,lower,26,30,5,0.2,2.321928094887362,1.3219280948873622,28,1,0,3,0.6,3,0.3333333333333333,1.584962500721156,0.7369655941662061,2,0.4,1.7937446542303994,1.4999999999999998,0.001
27,6,27,26,27_7,higher,26,27,2,0.5,1,1,26,1,0,1,0.5,1,1,-0,1,1,0.5,1,1,0.001
27,7,27,27,27_7,correct,27,27,1,1,-0,-0,27,1,0,0,0,1,1,-0,0,0,0,NA,NA,0.001
28,1,28,50,28_7,lower,1,100,100,0.01,6.643856189774724,1.029146345659517,50,1,0,51,0.51,50,0.02,5.643856189774724,1,50,0.5,1.029146345659517,1.02,0.001
28,2,28,25,28_7,higher,1,49,49,0.02040816326530612,5.6147098441152075,1.0297473433940514,25,1,0,25,0.5102040816326531,24,0.041666666666666664,4.584962500721156,1.0297473433940514,25,0.5102040816326531,1,1,0.001
28,3,28,37,28_7,lower,26,49,24,0.041666666666666664,4.584962500721156,1.1255308820838588,37,1,0,13,0.5416666666666666,12,0.08333333333333333,3.584962500721156,1,12,0.5,1.1255308820838588,1.0833333333333333,0.001
28,4,28,31,28_7,lower,26,36,11,0.09090909090909091,3.4594316186372973,1.1375035237499351,31,1,0,6,0.5454545454545454,6,0.16666666666666666,2.584962500721156,0.8744691179161412,5,0.45454545454545453,1.300793247519826,1.2,0.001
28,5,28,28,28_7,correct,26,30,5,0.2,2.321928094887362,2.321928094887362,28,1,0,4,0.8,1,1,-0,2.321928094887362,4,0.8,1,1,0.001
29,1,29,50,29_7,lower,1,100,100,0.01,6.643856189774724,1.029146345659517,50,1,0,51,0.51,50,0.02,5.643856189774724,1,50,0.5,1.029146345659517,1.02,0.001
29,2,29,25,29_7,higher,1,49,49,0.02040816326530612,5.6147098441152075,1.0297473433940514,25,1,0,25,0.5102040816326531,24,0.041666666666666664,4.584962500721156,1.0297473433940514,25,0.5102040816326531,1,1,0.001
29,3,29,37,29_7,lower,26,49,24,0.041666666666666664,4.584962500721156,1.1255308820838588,37,1,0,13,0.5416666666666666,12,0.08333333333333333,3.584962500721156,1,12,0.5,1.1255308820838588,1.0833333333333333,0.001
29,4,29,31,29_7,lower,26,36,11,0.09090909090909091,3.4594316186372973,1.1375035237499351,31,1,0,6,0.5454545454545454,6,0.16666666666666666,2.584962500721156,0.8744691179161412,5,0.45454545454545453,1.300793247519826,1.2,0.001
29,5,29,28,29_7,higher,26,30,5,0.2,2.321928094887362,1.3219280948873622,28,1,0,3,0.6,2,0.5,1,1.3219280948873622,3,0.6,1,1,0.001
29,6,29,29,29_7,correct,29,30,2,0.5,1,1,29,1,0,1,0.5,1,1,-0,1,1,0.5,1,1,0.001
30,1,30,50,30_7,lower,1,100,100,0.01,6.643856189774724,1.029146345659517,50,1,0,51,0.51,50,0.02,5.643856189774724,1,50,0.5,1.029146345659517,1.02,0.001
30,2,30,25,30_7,higher,1,49,49,0.02040816326530612,5.6147098441152075,1.0297473433940514,25,1,0,25,0.5102040816326531,24,0.041666666666666664,4.584962500721156,1.0297473433940514,25,0.5102040816326531,1,1,0.001
30,3,30,37,30_7,lower,26,49,24,0.041666666666666664,4.584962500721156,1.1255308820838588,37,1,0,13,0.5416666666666666,12,0.08333333333333333,3.584962500721156,1,12,0.5,1.1255308820838588,1.0833333333333333,0.001
30,4,30,31,30_7,lower,26,36,11,0.09090909090909091,3.4594316186372973,1.1375035237499351,31,1,0,6,0.5454545454545454,6,0.16666666666666666,2.584962500721156,0.8744691179161412,5,0.45454545454545453,1.300793247519826,1.2,0.001
30,5,30,28,30_7,higher,26,30,5,0.2,2.321928094887362,1.3219280948873622,28,1,0,3,0.6,2,0.5,1,1.3219280948873622,3,0.6,1,1,0.001
30,6,30,29,30_7,higher,29,30,2,0.5,1,1,29,1,0,1,0.5,1,1,-0,1,1,0.5,1,1,0.001
30,7,30,30,30_7,correct,30,30,1,1,-0,-0,30,1,0,0,0,1,1,-0,0,0,0,NA,NA,0.001
31,1,31,50,31_7,lower,1,100,100,0.01,6.643856189774724,1.029146345659517,50,1,0,51,0.51,50,0.02,5.643856189774724,1,50,0.5,1.029146345659517,1.02,0.001
31,2,31,25,31_7,higher,1,49,49,0.02040816326530612,5.6147098441152075,1.0297473433940514,25,1,0,25,0.5102040816326531,24,0.041666666666666664,4.584962500721156,1.0297473433940514,25,0.5102040816326531,1,1,0.001
31,3,31,37,31_7,lower,26,49,24,0.041666666666666664,4.584962500721156,1.1255308820838588,37,1,0,13,0.5416666666666666,12,0.08333333333333333,3.584962500721156,1,12,0.5,1.1255308820838588,1.0833333333333333,0.001
31,4,31,31,31_7,correct,26,36,11,0.09090909090909091,3.4594316186372973,3.4594316186372973,31,1,0,10,0.9090909090909091,1,1,-0,3.4594316186372973,10,0.9090909090909091,1,1,0.001
32,1,32,50,32_7,lower,1,100,100,0.01,6.643856189774724,1.029146345659517,50,1,0,51,0.51,50,0.02,5.643856189774724,1,50,0.5,1.029146345659517,1.02,0.001
32,2,32,25,32_7,higher,1,49,49,0.02040816326530612,5.6147098441152075,1.0297473433940514,25,1,0,25,0.5102040816326531,24,0.041666666666666664,4.584962500721156,1.0297473433940514,25,0.5102040816326531,1,1,0.001
32,3,32,37,32_7,lower,26,49,24,0.041666666666666664,4.584962500721156,1.1255308820838588,37,1,0,13,0.5416666666666666,12,0.08333333333333333,3.584962500721156,1,12,0.5,1.1255308820838588,1.0833333333333333,0.001
32,4,32,31,32_7,higher,26,36,11,0.09090909090909091,3.4594316186372973,1.1375035237499351,31,1,0,6,0.5454545454545454,5,0.2,2.321928094887362,1.1375035237499351,6,0.5454545454545454,1,1,0.001
32,5,32,34,32_7,lower,32,36,5,0.2,2.321928094887362,1.3219280948873622,34,1,0,3,0.6,3,0.3333333333333333,1.584962500721156,0.7369655941662061,2,0.4,1.7937446542303994,1.4999999999999998,0.001
32,6,32,32,32_7,correct,32,33,2,0.5,1,1,32,1,0,1,0.5,1,1,-0,1,1,0.5,1,1,0.001
33,1,33,50,33_7,lower,1,100,100,0.01,6.643856189774724,1.029146345659517,50,1,0,51,0.51,50,0.02,5.643856189774724,1,50,0.5,1.029146345659517,1.02,0.001
33,2,33,25,33_7,higher,1,49,49,0.02040816326530612,5.6147098441152075,1.0297473433940514,25,1,0,25,0.5102040816326531,24,0.041666666666666664,4.584962500721156,1.0297473433940514,25,0.5102040816326531,1,1,0.001
33,3,33,37,33_7,lower,26,49,24,0.041666666666666664,4.584962500721156,1.1255308820838588,37,1,0,13,0.5416666666666666,12,0.08333333333333333,3.584962500721156,1,12,0.5,1.1255308820838588,1.0833333333333333,0.001
33,4,33,31,33_7,higher,26,36,11,0.09090909090909091,3.4594316186372973,1.1375035237499351,31,1,0,6,0.5454545454545454,5,0.2,2.321928094887362,1.1375035237499351,6,0.5454545454545454,1,1,0.001
33,5,33,34,33_7,lower,32,36,5,0.2,2.321928094887362,1.3219280948873622,34,1,0,3,0.6,3,0.3333333333333333,1.584962500721156,0.7369655941662061,2,0.4,1.7937446542303994,1.4999999999999998,0.001
33,6,33,32,33_7,higher,32,33,2,0.5,1,1,32,1,0,1,0.5,1,1,-0,1,1,0.5,1,1,0.001
33,7,33,33,33_7,correct,33,33,1,1,-0,-0,33,1,0,0,0,1,1,-0,0,0,0,NA,NA,0.001
34,1,34,50,34_7,lower,1,100,100,0.01,6.643856189774724,1.029146345659517,50,1,0,51,0.51,50,0.02,5.643856189774724,1,50,0.5,1.029146345659517,1.02,0.001
34,2,34,25,34_7,higher,1,49,49,0.02040816326530612,5.6147098441152075,1.0297473433940514,25,1,0,25,0.5102040816326531,24,0.041666666666666664,4.584962500721156,1.0297473433940514,25,0.5102040816326531,1,1,0.001
34,3,34,37,34_7,lower,26,49,24,0.041666666666666664,4.584962500721156,1.1255308820838588,37,1,0,13,0.5416666666666666,12,0.08333333333333333,3.584962500721156,1,12,0.5,1.1255308820838588,1.0833333333333333,0.001
34,4,34,31,34_7,higher,26,36,11,0.09090909090909091,3.4594316186372973,1.1375035237499351,31,1,0,6,0.5454545454545454,5,0.2,2.321928094887362,1.1375035237499351,6,0.5454545454545454,1,1,0.001
34,5,34,34,34_7,correct,32,36,5,0.2,2.321928094887362,2.321928094887362,34,1,0,4,0.8,1,1,-0,2.321928094887362,4,0.8,1,1,0.001
35,1,35,50,35_7,lower,1,100,100,0.01,6.643856189774724,1.029146345659517,50,1,0,51,0.51,50,0.02,5.643856189774724,1,50,0.5,1.029146345659517,1.02,0.001
35,2,35,25,35_7,higher,1,49,49,0.02040816326530612,5.6147098441152075,1.0297473433940514,25,1,0,25,0.5102040816326531,24,0.041666666666666664,4.584962500721156,1.0297473433940514,25,0.5102040816326531,1,1,0.001
35,3,35,37,35_7,lower,26,49,24,0.041666666666666664,4.584962500721156,1.1255308820838588,37,1,0,13,0.5416666666666666,12,0.08333333333333333,3.584962500721156,1,12,0.5,1.1255308820838588,1.0833333333333333,0.001
35,4,35,31,35_7,higher,26,36,11,0.09090909090909091,3.4594316186372973,1.1375035237499351,31,1,0,6,0.5454545454545454,5,0.2,2.321928094887362,1.1375035237499351,6,0.5454545454545454,1,1,0.001
35,5,35,34,35_7,higher,32,36,5,0.2,2.321928094887362,1.3219280948873622,34,1,0,3,0.6,2,0.5,1,1.3219280948873622,3,0.6,1,1,0.001
35,6,35,35,35_7,correct,35,36,2,0.5,1,1,35,1,0,1,0.5,1,1,-0,1,1,0.5,1,1,0.001
36,1,36,50,36_7,lower,1,100,100,0.01,6.643856189774724,1.029146345659517,50,1,0,51,0.51,50,0.02,5.643856189774724,1,50,0.5,1.029146345659517,1.02,0.001
36,2,36,25,36_7,higher,1,49,49,0.02040816326530612,5.6147098441152075,1.0297473433940514,25,1,0,25,0.5102040816326531,24,0.041666666666666664,4.584962500721156,1.0297473433940514,25,0.5102040816326531,1,1,0.001
36,3,36,37,36_7,lower,26,49,24,0.041666666666666664,4.584962500721156,1.1255308820838588,37,1,0,13,0.5416666666666666,12,0.08333333333333333,3.584962500721156,1,12,0.5,1.1255308820838588,1.0833333333333333,0.001
36,4,36,31,36_7,higher,26,36,11,0.09090909090909091,3.4594316186372973,1.1375035237499351,31,1,0,6,0.5454545454545454,5,0.2,2.321928094887362,1.1375035237499351,6,0.5454545454545454,1,1,0.001
36,5,36,34,36_7,higher,32,36,5,0.2,2.321928094887362,1.3219280948873622,34,1,0,3,0.6,2,0.5,1,1.3219280948873622,3,0.6,1,1,0.001
36,6,36,35,36_7,higher,35,36,2,0.5,1,1,35,1,0,1,0.5,1,1,-0,1,1,0.5,1,1,0.001
36,7,36,36,36_7,correct,36,36,1,1,-0,-0,36,1,0,0,0,1,1,-0,0,0,0,NA,NA,0.001
37,1,37,50,37_7,lower,1,100,100,0.01,6.643856189774724,1.029146345659517,50,1,0,51,0.51,50,0.02,5.643856189774724,1,50,0.5,1.029146345659517,1.02,0.001
37,2,37,25,37_7,higher,1,49,49,0.02040816326530612,5.6147098441152075,1.0297473433940514,25,1,0,25,0.5102040816326531,24,0.041666666666666664,4.584962500721156,1.0297473433940514,25,0.5102040816326531,1,1,0.001
37,3,37,37,37_7,correct,26,49,24,0.041666666666666664,4.584962500721156,4.584962500721156,37,1,0,23,0.9583333333333334,1,1,-0,4.584962500721156,23,0.9583333333333334,1,1,0.001
38,1,38,50,38_7,lower,1,100,100,0.01,6.643856189774724,1.029146345659517,50,1,0,51,0.51,50,0.02,5.643856189774724,1,50,0.5,1.029146345659517,1.02,0.001
38,2,38,25,38_7,higher,1,49,49,0.02040816326530612,5.6147098441152075,1.0297473433940514,25,1,0,25,0.5102040816326531,24,0.041666666666666664,4.584962500721156,1.0297473433940514,25,0.5102040816326531,1,1,0.001
38,3,38,37,38_7,higher,26,49,24,0.041666666666666664,4.584962500721156,1,37,1,0,12,0.5,12,0.08333333333333333,3.584962500721156,1,12,0.5,1,1,0.001
38,4,38,43,38_7,lower,38,49,12,0.08333333333333333,3.584962500721156,1.263034405833794,43,1,0,7,0.5833333333333334,6,0.16666666666666666,2.584962500721156,1,6,0.5,1.263034405833794,1.1666666666666667,0.001
38,5,38,40,38_7,lower,38,42,5,0.2,2.321928094887362,1.3219280948873622,40,1,0,3,0.6,3,0.3333333333333333,1.584962500721156,0.7369655941662061,2,0.4,1.7937446542303994,1.4999999999999998,0.001
38,6,38,38,38_7,correct,38,39,2,0.5,1,1,38,1,0,1,0.5,1,1,-0,1,1,0.5,1,1,0.001
39,1,39,50,39_7,lower,1,100,100,0.01,6.643856189774724,1.029146345659517,50,1,0,51,0.51,50,0.02,5.643856189774724,1,50,0.5,1.029146345659517,1.02,0.001
39,2,39,25,39_7,higher,1,49,49,0.02040816326530612,5.6147098441152075,1.0297473433940514,25,1,0,25,0.5102040816326531,24,0.041666666666666664,4.584962500721156,1.0297473433940514,25,0.5102040816326531,1,1,0.001
39,3,39,37,39_7,higher,26,49,24,0.041666666666666664,4.584962500721156,1,37,1,0,12,0.5,12,0.08333333333333333,3.584962500721156,1,12,0.5,1,1,0.001
39,4,39,43,39_7,lower,38,49,12,0.08333333333333333,3.584962500721156,1.263034405833794,43,1,0,7,0.5833333333333334,6,0.16666666666666666,2.584962500721156,1,6,0.5,1.263034405833794,1.1666666666666667,0.001
39,5,39,40,39_7,lower,38,42,5,0.2,2.321928094887362,1.3219280948873622,40,1,0,3,0.6,3,0.3333333333333333,1.584962500721156,0.7369655941662061,2,0.4,1.7937446542303994,1.4999999999999998,0.001
39,6,39,38,39_7,higher,38,39,2,0.5,1,1,38,1,0,1,0.5,1,1,-0,1,1,0.5,1,1,0.001
39,7,39,39,39_7,correct,39,39,1,1,-0,-0,39,1,0,0,0,1,1,-0,0,0,0,NA,NA,0.001
40,1,40,50,40_7,lower,1,100,100,0.01,6.643856189774724,1.029146345659517,50,1,0,51,0.51,50,0.02,5.643856189774724,1,50,0.5,1.029146345659517,1.02,0.001
40,2,40,25,40_7,higher,1,49,49,0.02040816326530612,5.6147098441152075,1.0297473433940514,25,1,0,25,0.5102040816326531,24,0.041666666666666664,4.584962500721156,1.0297473433940514,25,0.5102040816326531,1,1,0.001
40,3,40,37,40_7,higher,26,49,24,0.041666666666666664,4.584962500721156,1,37,1,0,12,0.5,12,0.08333333333333333,3.584962500721156,1,12,0.5,1,1,0.001
40,4,40,43,40_7,lower,38,49,12,0.08333333333333333,3.584962500721156,1.263034405833794,43,1,0,7,0.5833333333333334,6,0.16666666666666666,2.584962500721156,1,6,0.5,1.263034405833794,1.1666666666666667,0.001
40,5,40,40,40_7,correct,38,42,5,0.2,2.321928094887362,2.321928094887362,40,1,0,4,0.8,1,1,-0,2.321928094887362,4,0.8,1,1,0.001
41,1,41,50,41_7,lower,1,100,100,0.01,6.643856189774724,1.029146345659517,50,1,0,51,0.51,50,0.02,5.643856189774724,1,50,0.5,1.029146345659517,1.02,0.001
41,2,41,25,41_7,higher,1,49,49,0.02040816326530612,5.6147098441152075,1.0297473433940514,25,1,0,25,0.5102040816326531,24,0.041666666666666664,4.584962500721156,1.0297473433940514,25,0.5102040816326531,1,1,0.001
41,3,41,37,41_7,higher,26,49,24,0.041666666666666664,4.584962500721156,1,37,1,0,12,0.5,12,0.08333333333333333,3.584962500721156,1,12,0.5,1,1,0.001
41,4,41,43,41_7,lower,38,49,12,0.08333333333333333,3.584962500721156,1.263034405833794,43,1,0,7,0.5833333333333334,6,0.16666666666666666,2.584962500721156,1,6,0.5,1.263034405833794,1.1666666666666667,0.001
41,5,41,40,41_7,higher,38,42,5,0.2,2.321928094887362,1.3219280948873622,40,1,0,3,0.6,2,0.5,1,1.3219280948873622,3,0.6,1,1,0.001
41,6,41,41,41_7,correct,41,42,2,0.5,1,1,41,1,0,1,0.5,1,1,-0,1,1,0.5,1,1,0.001
42,1,42,50,42_7,lower,1,100,100,0.01,6.643856189774724,1.029146345659517,50,1,0,51,0.51,50,0.02,5.643856189774724,1,50,0.5,1.029146345659517,1.02,0.001
42,2,42,25,42_7,higher,1,49,49,0.02040816326530612,5.6147098441152075,1.0297473433940514,25,1,0,25,0.5102040816326531,24,0.041666666666666664,4.584962500721156,1.0297473433940514,25,0.5102040816326531,1,1,0.001
42,3,42,37,42_7,higher,26,49,24,0.041666666666666664,4.584962500721156,1,37,1,0,12,0.5,12,0.08333333333333333,3.584962500721156,1,12,0.5,1,1,0.001
42,4,42,43,42_7,lower,38,49,12,0.08333333333333333,3.584962500721156,1.263034405833794,43,1,0,7,0.5833333333333334,6,0.16666666666666666,2.584962500721156,1,6,0.5,1.263034405833794,1.1666666666666667,0.001
42,5,42,40,42_7,higher,38,42,5,0.2,2.321928094887362,1.3219280948873622,40,1,0,3,0.6,2,0.5,1,1.3219280948873622,3,0.6,1,1,0.001
42,6,42,41,42_7,higher,41,42,2,0.5,1,1,41,1,0,1,0.5,1,1,-0,1,1,0.5,1,1,0.001
42,7,42,42,42_7,correct,42,42,1,1,-0,-0,42,1,0,0,0,1,1,-0,0,0,0,NA,NA,0.001
43,1,43,50,43_7,lower,1,100,100,0.01,6.643856189774724,1.029146345659517,50,1,0,51,0.51,50,0.02,5.643856189774724,1,50,0.5,1.029146345659517,1.02,0.001
43,2,43,25,43_7,higher,1,49,49,0.02040816326530612,5.6147098441152075,1.0297473433940514,25,1,0,25,0.5102040816326531,24,0.041666666666666664,4.584962500721156,1.0297473433940514,25,0.5102040816326531,1,1,0.001
43,3,43,37,43_7,higher,26,49,24,0.041666666666666664,4.584962500721156,1,37,1,0,12,0.5,12,0.08333333333333333,3.584962500721156,1,12,0.5,1,1,0.001
43,4,43,43,43_7,correct,38,49,12,0.08333333333333333,3.584962500721156,3.584962500721156,43,1,0,11,0.9166666666666666,1,1,-0,3.584962500721156,11,0.9166666666666666,1,1,0.001
44,1,44,50,44_7,lower,1,100,100,0.01,6.643856189774724,1.029146345659517,50,1,0,51,0.51,50,0.02,5.643856189774724,1,50,0.5,1.029146345659517,1.02,0.001
44,2,44,25,44_7,higher,1,49,49,0.02040816326530612,5.6147098441152075,1.0297473433940514,25,1,0,25,0.5102040816326531,24,0.041666666666666664,4.584962500721156,1.0297473433940514,25,0.5102040816326531,1,1,0.001
44,3,44,37,44_7,higher,26,49,24,0.041666666666666664,4.584962500721156,1,37,1,0,12,0.5,12,0.08333333333333333,3.584962500721156,1,12,0.5,1,1,0.001
44,4,44,43,44_7,higher,38,49,12,0.08333333333333333,3.584962500721156,1,43,1,0,6,0.5,6,0.16666666666666666,2.584962500721156,1,6,0.5,1,1,0.001
44,5,44,46,44_7,lower,44,49,6,0.16666666666666666,2.584962500721156,1.584962500721156,46,1,0,4,0.6666666666666666,3,0.3333333333333333,1.584962500721156,1,3,0.5,1.584962500721156,1.3333333333333333,0.001
44,6,44,44,44_7,correct,44,45,2,0.5,1,1,44,1,0,1,0.5,1,1,-0,1,1,0.5,1,1,0.001
45,1,45,50,45_7,lower,1,100,100,0.01,6.643856189774724,1.029146345659517,50,1,0,51,0.51,50,0.02,5.643856189774724,1,50,0.5,1.029146345659517,1.02,0.001
45,2,45,25,45_7,higher,1,49,49,0.02040816326530612,5.6147098441152075,1.0297473433940514,25,1,0,25,0.5102040816326531,24,0.041666666666666664,4.584962500721156,1.0297473433940514,25,0.5102040816326531,1,1,0.001
45,3,45,37,45_7,higher,26,49,24,0.041666666666666664,4.584962500721156,1,37,1,0,12,0.5,12,0.08333333333333333,3.584962500721156,1,12,0.5,1,1,0.001
45,4,45,43,45_7,higher,38,49,12,0.08333333333333333,3.584962500721156,1,43,1,0,6,0.5,6,0.16666666666666666,2.584962500721156,1,6,0.5,1,1,0.001
45,5,45,46,45_7,lower,44,49,6,0.16666666666666666,2.584962500721156,1.584962500721156,46,1,0,4,0.6666666666666666,3,0.3333333333333333,1.584962500721156,1,3,0.5,1.584962500721156,1.3333333333333333,0.001
45,6,45,44,45_7,higher,44,45,2,0.5,1,1,44,1,0,1,0.5,1,1,-0,1,1,0.5,1,1,0.001
45,7,45,45,45_7,correct,45,45,1,1,-0,-0,45,1,0,0,0,1,1,-0,0,0,0,NA,NA,0.001
46,1,46,50,46_7,lower,1,100,100,0.01,6.643856189774724,1.029146345659517,50,1,0,51,0.51,50,0.02,5.643856189774724,1,50,0.5,1.029146345659517,1.02,0.001
46,2,46,25,46_7,higher,1,49,49,0.02040816326530612,5.6147098441152075,1.0297473433940514,25,1,0,25,0.5102040816326531,24,0.041666666666666664,4.584962500721156,1.0297473433940514,25,0.5102040816326531,1,1,0.001
46,3,46,37,46_7,higher,26,49,24,0.041666666666666664,4.584962500721156,1,37,1,0,12,0.5,12,0.08333333333333333,3.584962500721156,1,12,0.5,1,1,0.001
46,4,46,43,46_7,higher,38,49,12,0.08333333333333333,3.584962500721156,1,43,1,0,6,0.5,6,0.16666666666666666,2.584962500721156,1,6,0.5,1,1,0.001
46,5,46,46,46_7,correct,44,49,6,0.16666666666666666,2.584962500721156,2.584962500721156,46,1,0,5,0.8333333333333334,1,1,-0,2.584962500721156,5,0.8333333333333334,1,1,0.001
47,1,47,50,47_7,lower,1,100,100,0.01,6.643856189774724,1.029146345659517,50,1,0,51,0.51,50,0.02,5.643856189774724,1,50,0.5,1.029146345659517,1.02,0.001
47,2,47,25,47_7,higher,1,49,49,0.02040816326530612,5.6147098441152075,1.0297473433940514,25,1,0,25,0.5102040816326531,24,0.041666666666666664,4.584962500721156,1.0297473433940514,25,0.5102040816326531,1,1,0.001
47,3,47,37,47_7,higher,26,49,24,0.041666666666666664,4.584962500721156,1,37,1,0,12,0.5,12,0.08333333333333333,3.584962500721156,1,12,0.5,1,1,0.001
47,4,47,43,47_7,higher,38,49,12,0.08333333333333333,3.584962500721156,1,43,1,0,6,0.5,6,0.16666666666666666,2.584962500721156,1,6,0.5,1,1,0.001
47,5,47,46,47_7,higher,44,49,6,0.16666666666666666,2.584962500721156,1,46,1,0,3,0.5,3,0.3333333333333333,1.584962500721156,1,3,0.5,1,1,0.001
47,6,47,48,47_7,lower,47,49,3,0.3333333333333333,1.584962500721156,1.584962500721156,48,1,0,2,0.6666666666666666,2,0.5,1,0.5849625007211561,1,0.3333333333333333,2.709511291351455,2,0.001
47,7,47,47,47_7,correct,47,47,1,1,-0,-0,47,1,0,0,0,1,1,-0,0,0,0,NA,NA,0.001
48,1,48,50,48_7,lower,1,100,100,0.01,6.643856189774724,1.029146345659517,50,1,0,51,0.51,50,0.02,5.643856189774724,1,50,0.5,1.029146345659517,1.02,0.001
48,2,48,25,48_7,higher,1,49,49,0.02040816326530612,5.6147098441152075,1.0297473433940514,25,1,0,25,0.5102040816326531,24,0.041666666666666664,4.584962500721156,1.0297473433940514,25,0.5102040816326531,1,1,0.001
48,3,48,37,48_7,higher,26,49,24,0.041666666666666664,4.584962500721156,1,37,1,0,12,0.5,12,0.08333333333333333,3.584962500721156,1,12,0.5,1,1,0.001
48,4,48,43,48_7,higher,38,49,12,0.08333333333333333,3.584962500721156,1,43,1,0,6,0.5,6,0.16666666666666666,2.584962500721156,1,6,0.5,1,1,0.001
48,5,48,46,48_7,higher,44,49,6,0.16666666666666666,2.584962500721156,1,46,1,0,3,0.5,3,0.3333333333333333,1.584962500721156,1,3,0.5,1,1,0.001
48,6,48,48,48_7,correct,47,49,3,0.3333333333333333,1.584962500721156,1.584962500721156,48,1,0,2,0.6666666666666666,1,1,-0,1.584962500721156,2,0.6666666666666666,1,1,0.001
49,1,49,50,49_7,lower,1,100,100,0.01,6.643856189774724,1.029146345659517,50,1,0,51,0.51,50,0.02,5.643856189774724,1,50,0.5,1.029146345659517,1.02,0.001
49,2,49,25,49_7,higher,1,49,49,0.02040816326530612,5.6147098441152075,1.0297473433940514,25,1,0,25,0.5102040816326531,24,0.041666666666666664,4.584962500721156,1.0297473433940514,25,0.5102040816326531,1,1,0.001
49,3,49,37,49_7,higher,26,49,24,0.041666666666666664,4.584962500721156,1,37,1,0,12,0.5,12,0.08333333333333333,3.584962500721156,1,12,0.5,1,1,0.001
49,4,49,43,49_7,higher,38,49,12,0.08333333333333333,3.584962500721156,1,43,1,0,6,0.5,6,0.16666666666666666,2.584962500721156,1,6,0.5,1,1,0.001
49,5,49,46,49_7,higher,44,49,6,0.16666666666666666,2.584962500721156,1,46,1,0,3,0.5,3,0.3333333333333333,1.584962500721156,1,3,0.5,1,1,0.001
49,6,49,48,49_7,higher,47,49,3,0.3333333333333333,1.584962500721156,1.584962500721156,48,1,0,2,0.6666666666666666,1,1,-0,1.584962500721156,2,0.6666666666666666,1,1,0.001
49,7,49,49,49_7,correct,49,49,1,1,-0,-0,49,1,0,0,0,1,1,-0,0,0,0,NA,NA,0.001
50,1,50,50,50_7,correct,1,100,100,0.01,6.643856189774724,6.643856189774724,50,1,0,99,0.99,1,1,-0,6.643856189774724,99,0.99,1,1,0.001
51,1,51,50,51_7,higher,1,100,100,0.01,6.643856189774724,1,50,1,0,50,0.5,50,0.02,5.643856189774724,1,50,0.5,1,1,0.001
51,2,51,75,51_7,lower,51,100,50,0.02,5.643856189774724,1.0588936890535683,75,1,0,26,0.52,25,0.04,4.643856189774724,1,25,0.5,1.0588936890535683,1.04,0.001
51,3,51,62,51_7,lower,51,74,24,0.041666666666666664,4.584962500721156,1.1255308820838588,62,1,0,13,0.5416666666666666,12,0.08333333333333333,3.584962500721156,1,12,0.5,1.1255308820838588,1.0833333333333333,0.001
51,4,51,56,51_7,lower,51,61,11,0.09090909090909091,3.4594316186372973,1.1375035237499351,56,1,0,6,0.5454545454545454,6,0.16666666666666666,2.584962500721156,0.8744691179161412,5,0.45454545454545453,1.300793247519826,1.2,0.001
51,5,51,53,51_7,lower,51,55,5,0.2,2.321928094887362,1.3219280948873622,53,1,0,3,0.6,3,0.3333333333333333,1.584962500721156,0.7369655941662061,2,0.4,1.7937446542303994,1.4999999999999998,0.001
51,6,51,51,51_7,correct,51,52,2,0.5,1,1,51,1,0,1,0.5,1,1,-0,1,1,0.5,1,1,0.001
52,1,52,50,52_7,higher,1,100,100,0.01,6.643856189774724,1,50,1,0,50,0.5,50,0.02,5.643856189774724,1,50,0.5,1,1,0.001
52,2,52,75,52_7,lower,51,100,50,0.02,5.643856189774724,1.0588936890535683,75,1,0,26,0.52,25,0.04,4.643856189774724,1,25,0.5,1.0588936890535683,1.04,0.001
52,3,52,62,52_7,lower,51,74,24,0.041666666666666664,4.584962500721156,1.1255308820838588,62,1,0,13,0.5416666666666666,12,0.08333333333333333,3.584962500721156,1,12,0.5,1.1255308820838588,1.0833333333333333,0.001
52,4,52,56,52_7,lower,51,61,11,0.09090909090909091,3.4594316186372973,1.1375035237499351,56,1,0,6,0.5454545454545454,6,0.16666666666666666,2.584962500721156,0.8744691179161412,5,0.45454545454545453,1.300793247519826,1.2,0.001
52,5,52,53,52_7,lower,51,55,5,0.2,2.321928094887362,1.3219280948873622,53,1,0,3,0.6,3,0.3333333333333333,1.584962500721156,0.7369655941662061,2,0.4,1.7937446542303994,1.4999999999999998,0.001
52,6,52,51,52_7,higher,51,52,2,0.5,1,1,51,1,0,1,0.5,1,1,-0,1,1,0.5,1,1,0.001
52,7,52,52,52_7,correct,52,52,1,1,-0,-0,52,1,0,0,0,1,1,-0,0,0,0,NA,NA,0.001
53,1,53,50,53_7,higher,1,100,100,0.01,6.643856189774724,1,50,1,0,50,0.5,50,0.02,5.643856189774724,1,50,0.5,1,1,0.001
53,2,53,75,53_7,lower,51,100,50,0.02,5.643856189774724,1.0588936890535683,75,1,0,26,0.52,25,0.04,4.643856189774724,1,25,0.5,1.0588936890535683,1.04,0.001
53,3,53,62,53_7,lower,51,74,24,0.041666666666666664,4.584962500721156,1.1255308820838588,62,1,0,13,0.5416666666666666,12,0.08333333333333333,3.584962500721156,1,12,0.5,1.1255308820838588,1.0833333333333333,0.001
53,4,53,56,53_7,lower,51,61,11,0.09090909090909091,3.4594316186372973,1.1375035237499351,56,1,0,6,0.5454545454545454,6,0.16666666666666666,2.584962500721156,0.8744691179161412,5,0.45454545454545453,1.300793247519826,1.2,0.001
53,5,53,53,53_7,correct,51,55,5,0.2,2.321928094887362,2.321928094887362,53,1,0,4,0.8,1,1,-0,2.321928094887362,4,0.8,1,1,0.001
54,1,54,50,54_7,higher,1,100,100,0.01,6.643856189774724,1,50,1,0,50,0.5,50,0.02,5.643856189774724,1,50,0.5,1,1,0.001
54,2,54,75,54_7,lower,51,100,50,0.02,5.643856189774724,1.0588936890535683,75,1,0,26,0.52,25,0.04,4.643856189774724,1,25,0.5,1.0588936890535683,1.04,0.001
54,3,54,62,54_7,lower,51,74,24,0.041666666666666664,4.584962500721156,1.1255308820838588,62,1,0,13,0.5416666666666666,12,0.08333333333333333,3.584962500721156,1,12,0.5,1.1255308820838588,1.0833333333333333,0.001
54,4,54,56,54_7,lower,51,61,11,0.09090909090909091,3.4594316186372973,1.1375035237499351,56,1,0,6,0.5454545454545454,6,0.16666666666666666,2.584962500721156,0.8744691179161412,5,0.45454545454545453,1.300793247519826,1.2,0.001
54,5,54,53,54_7,higher,51,55,5,0.2,2.321928094887362,1.3219280948873622,53,1,0,3,0.6,2,0.5,1,1.3219280948873622,3,0.6,1,1,0.001
54,6,54,54,54_7,correct,54,55,2,0.5,1,1,54,1,0,1,0.5,1,1,-0,1,1,0.5,1,1,0.001
55,1,55,50,55_7,higher,1,100,100,0.01,6.643856189774724,1,50,1,0,50,0.5,50,0.02,5.643856189774724,1,50,0.5,1,1,0.001
55,2,55,75,55_7,lower,51,100,50,0.02,5.643856189774724,1.0588936890535683,75,1,0,26,0.52,25,0.04,4.643856189774724,1,25,0.5,1.0588936890535683,1.04,0.001
55,3,55,62,55_7,lower,51,74,24,0.041666666666666664,4.584962500721156,1.1255308820838588,62,1,0,13,0.5416666666666666,12,0.08333333333333333,3.584962500721156,1,12,0.5,1.1255308820838588,1.0833333333333333,0.001
55,4,55,56,55_7,lower,51,61,11,0.09090909090909091,3.4594316186372973,1.1375035237499351,56,1,0,6,0.5454545454545454,6,0.16666666666666666,2.584962500721156,0.8744691179161412,5,0.45454545454545453,1.300793247519826,1.2,0.001
55,5,55,53,55_7,higher,51,55,5,0.2,2.321928094887362,1.3219280948873622,53,1,0,3,0.6,2,0.5,1,1.3219280948873622,3,0.6,1,1,0.001
55,6,55,54,55_7,higher,54,55,2,0.5,1,1,54,1,0,1,0.5,1,1,-0,1,1,0.5,1,1,0.001
55,7,55,55,55_7,correct,55,55,1,1,-0,-0,55,1,0,0,0,1,1,-0,0,0,0,NA,NA,0.001
56,1,56,50,56_7,higher,1,100,100,0.01,6.643856189774724,1,50,1,0,50,0.5,50,0.02,5.643856189774724,1,50,0.5,1,1,0.001
56,2,56,75,56_7,lower,51,100,50,0.02,5.643856189774724,1.0588936890535683,75,1,0,26,0.52,25,0.04,4.643856189774724,1,25,0.5,1.0588936890535683,1.04,0.001
56,3,56,62,56_7,lower,51,74,24,0.041666666666666664,4.584962500721156,1.1255308820838588,62,1,0,13,0.5416666666666666,12,0.08333333333333333,3.584962500721156,1,12,0.5,1.1255308820838588,1.0833333333333333,0.001
56,4,56,56,56_7,correct,51,61,11,0.09090909090909091,3.4594316186372973,3.4594316186372973,56,1,0,10,0.9090909090909091,1,1,-0,3.4594316186372973,10,0.9090909090909091,1,1,0.001
57,1,57,50,57_7,higher,1,100,100,0.01,6.643856189774724,1,50,1,0,50,0.5,50,0.02,5.643856189774724,1,50,0.5,1,1,0.001
57,2,57,75,57_7,lower,51,100,50,0.02,5.643856189774724,1.0588936890535683,75,1,0,26,0.52,25,0.04,4.643856189774724,1,25,0.5,1.0588936890535683,1.04,0.001
57,3,57,62,57_7,lower,51,74,24,0.041666666666666664,4.584962500721156,1.1255308820838588,62,1,0,13,0.5416666666666666,12,0.08333333333333333,3.584962500721156,1,12,0.5,1.1255308820838588,1.0833333333333333,0.001
57,4,57,56,57_7,higher,51,61,11,0.09090909090909091,3.4594316186372973,1.1375035237499351,56,1,0,6,0.5454545454545454,5,0.2,2.321928094887362,1.1375035237499351,6,0.5454545454545454,1,1,0.001
57,5,57,59,57_7,lower,57,61,5,0.2,2.321928094887362,1.3219280948873622,59,1,0,3,0.6,3,0.3333333333333333,1.584962500721156,0.7369655941662061,2,0.4,1.7937446542303994,1.4999999999999998,0.001
57,6,57,57,57_7,correct,57,58,2,0.5,1,1,57,1,0,1,0.5,1,1,-0,1,1,0.5,1,1,0.001
58,1,58,50,58_7,higher,1,100,100,0.01,6.643856189774724,1,50,1,0,50,0.5,50,0.02,5.643856189774724,1,50,0.5,1,1,0.001
58,2,58,75,58_7,lower,51,100,50,0.02,5.643856189774724,1.0588936890535683,75,1,0,26,0.52,25,0.04,4.643856189774724,1,25,0.5,1.0588936890535683,1.04,0.001
58,3,58,62,58_7,lower,51,74,24,0.041666666666666664,4.584962500721156,1.1255308820838588,62,1,0,13,0.5416666666666666,12,0.08333333333333333,3.584962500721156,1,12,0.5,1.1255308820838588,1.0833333333333333,0.001
58,4,58,56,58_7,higher,51,61,11,0.09090909090909091,3.4594316186372973,1.1375035237499351,56,1,0,6,0.5454545454545454,5,0.2,2.321928094887362,1.1375035237499351,6,0.5454545454545454,1,1,0.001
58,5,58,59,58_7,lower,57,61,5,0.2,2.321928094887362,1.3219280948873622,59,1,0,3,0.6,3,0.3333333333333333,1.584962500721156,0.7369655941662061,2,0.4,1.7937446542303994,1.4999999999999998,0.001
58,6,58,57,58_7,higher,57,58,2,0.5,1,1,57,1,0,1,0.5,1,1,-0,1,1,0.5,1,1,0.001
58,7,58,58,58_7,correct,58,58,1,1,-0,-0,58,1,0,0,0,1,1,-0,0,0,0,NA,NA,0.001
59,1,59,50,59_7,higher,1,100,100,0.01,6.643856189774724,1,50,1,0,50,0.5,50,0.02,5.643856189774724,1,50,0.5,1,1,0.001
59,2,59,75,59_7,lower,51,100,50,0.02,5.643856189774724,1.0588936890535683,75,1,0,26,0.52,25,0.04,4.643856189774724,1,25,0.5,1.0588936890535683,1.04,0.001
59,3,59,62,59_7,lower,51,74,24,0.041666666666666664,4.584962500721156,1.1255308820838588,62,1,0,13,0.5416666666666666,12,0.08333333333333333,3.584962500721156,1,12,0.5,1.1255308820838588,1.0833333333333333,0.001
59,4,59,56,59_7,higher,51,61,11,0.09090909090909091,3.4594316186372973,1.1375035237499351,56,1,0,6,0.5454545454545454,5,0.2,2.321928094887362,1.1375035237499351,6,0.5454545454545454,1,1,0.001
59,5,59,59,59_7,correct,57,61,5,0.2,2.321928094887362,2.321928094887362,59,1,0,4,0.8,1,1,-0,2.321928094887362,4,0.8,1,1,0.001
60,1,60,50,60_7,higher,1,100,100,0.01,6.643856189774724,1,50,1,0,50,0.5,50,0.02,5.643856189774724,1,50,0.5,1,1,0.001
60,2,60,75,60_7,lower,51,100,50,0.02,5.643856189774724,1.0588936890535683,75,1,0,26,0.52,25,0.04,4.643856189774724,1,25,0.5,1.0588936890535683,1.04,0.001
60,3,60,62,60_7,lower,51,74,24,0.041666666666666664,4.584962500721156,1.1255308820838588,62,1,0,13,0.5416666666666666,12,0.08333333333333333,3.584962500721156,1,12,0.5,1.1255308820838588,1.0833333333333333,0.001
60,4,60,56,60_7,higher,51,61,11,0.09090909090909091,3.4594316186372973,1.1375035237499351,56,1,0,6,0.5454545454545454,5,0.2,2.321928094887362,1.1375035237499351,6,0.5454545454545454,1,1,0.001
60,5,60,59,60_7,higher,57,61,5,0.2,2.321928094887362,1.3219280948873622,59,1,0,3,0.6,2,0.5,1,1.3219280948873622,3,0.6,1,1,0.001
60,6,60,60,60_7,correct,60,61,2,0.5,1,1,60,1,0,1,0.5,1,1,-0,1,1,0.5,1,1,0.001
61,1,61,50,61_7,higher,1,100,100,0.01,6.643856189774724,1,50,1,0,50,0.5,50,0.02,5.643856189774724,1,50,0.5,1,1,0.001
61,2,61,75,61_7,lower,51,100,50,0.02,5.643856189774724,1.0588936890535683,75,1,0,26,0.52,25,0.04,4.643856189774724,1,25,0.5,1.0588936890535683,1.04,0.001
61,3,61,62,61_7,lower,51,74,24,0.041666666666666664,4.584962500721156,1.1255308820838588,62,1,0,13,0.5416666666666666,12,0.08333333333333333,3.584962500721156,1,12,0.5,1.1255308820838588,1.0833333333333333,0.001
61,4,61,56,61_7,higher,51,61,11,0.09090909090909091,3.4594316186372973,1.1375035237499351,56,1,0,6,0.5454545454545454,5,0.2,2.321928094887362,1.1375035237499351,6,0.5454545454545454,1,1,0.001
61,5,61,59,61_7,higher,57,61,5,0.2,2.321928094887362,1.3219280948873622,59,1,0,3,0.6,2,0.5,1,1.3219280948873622,3,0.6,1,1,0.001
61,6,61,60,61_7,higher,60,61,2,0.5,1,1,60,1,0,1,0.5,1,1,-0,1,1,0.5,1,1,0.001
61,7,61,61,61_7,correct,61,61,1,1,-0,-0,61,1,0,0,0,1,1,-0,0,0,0,NA,NA,0.001
62,1,62,50,62_7,higher,1,100,100,0.01,6.643856189774724,1,50,1,0,50,0.5,50,0.02,5.643856189774724,1,50,0.5,1,1,0.001
62,2,62,75,62_7,lower,51,100,50,0.02,5.643856189774724,1.0588936890535683,75,1,0,26,0.52,25,0.04,4.643856189774724,1,25,0.5,1.0588936890535683,1.04,0.001
62,3,62,62,62_7,correct,51,74,24,0.041666666666666664,4.584962500721156,4.584962500721156,62,1,0,23,0.9583333333333334,1,1,-0,4.584962500721156,23,0.9583333333333334,1,1,0.001
63,1,63,50,63_7,higher,1,100,100,0.01,6.643856189774724,1,50,1,0,50,0.5,50,0.02,5.643856189774724,1,50,0.5,1,1,0.001
63,2,63,75,63_7,lower,51,100,50,0.02,5.643856189774724,1.0588936890535683,75,1,0,26,0.52,25,0.04,4.643856189774724,1,25,0.5,1.0588936890535683,1.04,0.001
63,3,63,62,63_7,higher,51,74,24,0.041666666666666664,4.584962500721156,1,62,1,0,12,0.5,12,0.08333333333333333,3.584962500721156,1,12,0.5,1,1,0.001
63,4,63,68,63_7,lower,63,74,12,0.08333333333333333,3.584962500721156,1.263034405833794,68,1,0,7,0.5833333333333334,6,0.16666666666666666,2.584962500721156,1,6,0.5,1.263034405833794,1.1666666666666667,0.001
63,5,63,65,63_7,lower,63,67,5,0.2,2.321928094887362,1.3219280948873622,65,1,0,3,0.6,3,0.3333333333333333,1.584962500721156,0.7369655941662061,2,0.4,1.7937446542303994,1.4999999999999998,0.001
63,6,63,63,63_7,correct,63,64,2,0.5,1,1,63,1,0,1,0.5,1,1,-0,1,1,0.5,1,1,0.001
64,1,64,50,64_7,higher,1,100,100,0.01,6.643856189774724,1,50,1,0,50,0.5,50,0.02,5.643856189774724,1,50,0.5,1,1,0.001
64,2,64,75,64_7,lower,51,100,50,0.02,5.643856189774724,1.0588936890535683,75,1,0,26,0.52,25,0.04,4.643856189774724,1,25,0.5,1.0588936890535683,1.04,0.001
64,3,64,62,64_7,higher,51,74,24,0.041666666666666664,4.584962500721156,1,62,1,0,12,0.5,12,0.08333333333333333,3.584962500721156,1,12,0.5,1,1,0.001
64,4,64,68,64_7,lower,63,74,12,0.08333333333333333,3.584962500721156,1.263034405833794,68,1,0,7,0.5833333333333334,6,0.16666666666666666,2.584962500721156,1,6,0.5,1.263034405833794,1.1666666666666667,0.001
64,5,64,65,64_7,lower,63,67,5,0.2,2.321928094887362,1.3219280948873622,65,1,0,3,0.6,3,0.3333333333333333,1.584962500721156,0.7369655941662061,2,0.4,1.7937446542303994,1.4999999999999998,0.001
64,6,64,63,64_7,higher,63,64,2,0.5,1,1,63,1,0,1,0.5,1,1,-0,1,1,0.5,1,1,0.001
64,7,64,64,64_7,correct,64,64,1,1,-0,-0,64,1,0,0,0,1,1,-0,0,0,0,NA,NA,0.001
65,1,65,50,65_7,higher,1,100,100,0.01,6.643856189774724,1,50,1,0,50,0.5,50,0.02,5.643856189774724,1,50,0.5,1,1,0.001
65,2,65,75,65_7,lower,51,100,50,0.02,5.643856189774724,1.0588936890535683,75,1,0,26,0.52,25,0.04,4.643856189774724,1,25,0.5,1.0588936890535683,1.04,0.001
65,3,65,62,65_7,higher,51,74,24,0.041666666666666664,4.584962500721156,1,62,1,0,12,0.5,12,0.08333333333333333,3.584962500721156,1,12,0.5,1,1,0.001
65,4,65,68,65_7,lower,63,74,12,0.08333333333333333,3.584962500721156,1.263034405833794,68,1,0,7,0.5833333333333334,6,0.16666666666666666,2.584962500721156,1,6,0.5,1.263034405833794,1.1666666666666667,0.001
65,5,65,65,65_7,correct,63,67,5,0.2,2.321928094887362,2.321928094887362,65,1,0,4,0.8,1,1,-0,2.321928094887362,4,0.8,1,1,0.001
66,1,66,50,66_7,higher,1,100,100,0.01,6.643856189774724,1,50,1,0,50,0.5,50,0.02,5.643856189774724,1,50,0.5,1,1,0.001
66,2,66,75,66_7,lower,51,100,50,0.02,5.643856189774724,1.0588936890535683,75,1,0,26,0.52,25,0.04,4.643856189774724,1,25,0.5,1.0588936890535683,1.04,0.001
66,3,66,62,66_7,higher,51,74,24,0.041666666666666664,4.584962500721156,1,62,1,0,12,0.5,12,0.08333333333333333,3.584962500721156,1,12,0.5,1,1,0.001
66,4,66,68,66_7,lower,63,74,12,0.08333333333333333,3.584962500721156,1.263034405833794,68,1,0,7,0.5833333333333334,6,0.16666666666666666,2.584962500721156,1,6,0.5,1.263034405833794,1.1666666666666667,0.001
66,5,66,65,66_7,higher,63,67,5,0.2,2.321928094887362,1.3219280948873622,65,1,0,3,0.6,2,0.5,1,1.3219280948873622,3,0.6,1,1,0.001
66,6,66,66,66_7,correct,66,67,2,0.5,1,1,66,1,0,1,0.5,1,1,-0,1,1,0.5,1,1,0.001
67,1,67,50,67_7,higher,1,100,100,0.01,6.643856189774724,1,50,1,0,50,0.5,50,0.02,5.643856189774724,1,50,0.5,1,1,0.001
67,2,67,75,67_7,lower,51,100,50,0.02,5.643856189774724,1.0588936890535683,75,1,0,26,0.52,25,0.04,4.643856189774724,1,25,0.5,1.0588936890535683,1.04,0.001
67,3,67,62,67_7,higher,51,74,24,0.041666666666666664,4.584962500721156,1,62,1,0,12,0.5,12,0.08333333333333333,3.584962500721156,1,12,0.5,1,1,0.001
67,4,67,68,67_7,lower,63,74,12,0.08333333333333333,3.584962500721156,1.263034405833794,68,1,0,7,0.5833333333333334,6,0.16666666666666666,2.584962500721156,1,6,0.5,1.263034405833794,1.1666666666666667,0.001
67,5,67,65,67_7,higher,63,67,5,0.2,2.321928094887362,1.3219280948873622,65,1,0,3,0.6,2,0.5,1,1.3219280948873622,3,0.6,1,1,0.001
67,6,67,66,67_7,higher,66,67,2,0.5,1,1,66,1,0,1,0.5,1,1,-0,1,1,0.5,1,1,0.001
67,7,67,67,67_7,correct,67,67,1,1,-0,-0,67,1,0,0,0,1,1,-0,0,0,0,NA,NA,0.001
68,1,68,50,68_7,higher,1,100,100,0.01,6.643856189774724,1,50,1,0,50,0.5,50,0.02,5.643856189774724,1,50,0.5,1,1,0.001
68,2,68,75,68_7,lower,51,100,50,0.02,5.643856189774724,1.0588936890535683,75,1,0,26,0.52,25,0.04,4.643856189774724,1,25,0.5,1.0588936890535683,1.04,0.001
68,3,68,62,68_7,higher,51,74,24,0.041666666666666664,4.584962500721156,1,62,1,0,12,0.5,12,0.08333333333333333,3.584962500721156,1,12,0.5,1,1,0.001
68,4,68,68,68_7,correct,63,74,12,0.08333333333333333,3.584962500721156,3.584962500721156,68,1,0,11,0.9166666666666666,1,1,-0,3.584962500721156,11,0.9166666666666666,1,1,0.001
69,1,69,50,69_7,higher,1,100,100,0.01,6.643856189774724,1,50,1,0,50,0.5,50,0.02,5.643856189774724,1,50,0.5,1,1,0.001
69,2,69,75,69_7,lower,51,100,50,0.02,5.643856189774724,1.0588936890535683,75,1,0,26,0.52,25,0.04,4.643856189774724,1,25,0.5,1.0588936890535683,1.04,0.001
69,3,69,62,69_7,higher,51,74,24,0.041666666666666664,4.584962500721156,1,62,1,0,12,0.5,12,0.08333333333333333,3.584962500721156,1,12,0.5,1,1,0.001
69,4,69,68,69_7,higher,63,74,12,0.08333333333333333,3.584962500721156,1,68,1,0,6,0.5,6,0.16666666666666666,2.584962500721156,1,6,0.5,1,1,0.001
69,5,69,71,69_7,lower,69,74,6,0.16666666666666666,2.584962500721156,1.584962500721156,71,1,0,4,0.6666666666666666,3,0.3333333333333333,1.584962500721156,1,3,0.5,1.584962500721156,1.3333333333333333,0.001
69,6,69,69,69_7,correct,69,70,2,0.5,1,1,69,1,0,1,0.5,1,1,-0,1,1,0.5,1,1,0.001
70,1,70,50,70_7,higher,1,100,100,0.01,6.643856189774724,1,50,1,0,50,0.5,50,0.02,5.643856189774724,1,50,0.5,1,1,0.001
70,2,70,75,70_7,lower,51,100,50,0.02,5.643856189774724,1.0588936890535683,75,1,0,26,0.52,25,0.04,4.643856189774724,1,25,0.5,1.0588936890535683,1.04,0.001
70,3,70,62,70_7,higher,51,74,24,0.041666666666666664,4.584962500721156,1,62,1,0,12,0.5,12,0.08333333333333333,3.584962500721156,1,12,0.5,1,1,0.001
70,4,70,68,70_7,higher,63,74,12,0.08333333333333333,3.584962500721156,1,68,1,0,6,0.5,6,0.16666666666666666,2.584962500721156,1,6,0.5,1,1,0.001
70,5,70,71,70_7,lower,69,74,6,0.16666666666666666,2.584962500721156,1.584962500721156,71,1,0,4,0.6666666666666666,3,0.3333333333333333,1.584962500721156,1,3,0.5,1.584962500721156,1.3333333333333333,0.001
70,6,70,69,70_7,higher,69,70,2,0.5,1,1,69,1,0,1,0.5,1,1,-0,1,1,0.5,1,1,0.001
70,7,70,70,70_7,correct,70,70,1,1,-0,-0,70,1,0,0,0,1,1,-0,0,0,0,NA,NA,0.001
71,1,71,50,71_7,higher,1,100,100,0.01,6.643856189774724,1,50,1,0,50,0.5,50,0.02,5.643856189774724,1,50,0.5,1,1,0.001
71,2,71,75,71_7,lower,51,100,50,0.02,5.643856189774724,1.0588936890535683,75,1,0,26,0.52,25,0.04,4.643856189774724,1,25,0.5,1.0588936890535683,1.04,0.001
71,3,71,62,71_7,higher,51,74,24,0.041666666666666664,4.584962500721156,1,62,1,0,12,0.5,12,0.08333333333333333,3.584962500721156,1,12,0.5,1,1,0.001
71,4,71,68,71_7,higher,63,74,12,0.08333333333333333,3.584962500721156,1,68,1,0,6,0.5,6,0.16666666666666666,2.584962500721156,1,6,0.5,1,1,0.001
71,5,71,71,71_7,correct,69,74,6,0.16666666666666666,2.584962500721156,2.584962500721156,71,1,0,5,0.8333333333333334,1,1,-0,2.584962500721156,5,0.8333333333333334,1,1,0.001
72,1,72,50,72_7,higher,1,100,100,0.01,6.643856189774724,1,50,1,0,50,0.5,50,0.02,5.643856189774724,1,50,0.5,1,1,0.001
72,2,72,75,72_7,lower,51,100,50,0.02,5.643856189774724,1.0588936890535683,75,1,0,26,0.52,25,0.04,4.643856189774724,1,25,0.5,1.0588936890535683,1.04,0.001
72,3,72,62,72_7,higher,51,74,24,0.041666666666666664,4.584962500721156,1,62,1,0,12,0.5,12,0.08333333333333333,3.584962500721156,1,12,0.5,1,1,0.001
72,4,72,68,72_7,higher,63,74,12,0.08333333333333333,3.584962500721156,1,68,1,0,6,0.5,6,0.16666666666666666,2.584962500721156,1,6,0.5,1,1,0.001
72,5,72,71,72_7,higher,69,74,6,0.16666666666666666,2.584962500721156,1,71,1,0,3,0.5,3,0.3333333333333333,1.584962500721156,1,3,0.5,1,1,0.001
72,6,72,73,72_7,lower,72,74,3,0.3333333333333333,1.584962500721156,1.584962500721156,73,1,0,2,0.6666666666666666,2,0.5,1,0.5849625007211561,1,0.3333333333333333,2.709511291351455,2,0.001
72,7,72,72,72_7,correct,72,72,1,1,-0,-0,72,1,0,0,0,1,1,-0,0,0,0,NA,NA,0.001
73,1,73,50,73_7,higher,1,100,100,0.01,6.643856189774724,1,50,1,0,50,0.5,50,0.02,5.643856189774724,1,50,0.5,1,1,0.001
73,2,73,75,73_7,lower,51,100,50,0.02,5.643856189774724,1.0588936890535683,75,1,0,26,0.52,25,0.04,4.643856189774724,1,25,0.5,1.0588936890535683,1.04,0.001
73,3,73,62,73_7,higher,51,74,24,0.041666666666666664,4.584962500721156,1,62,1,0,12,0.5,12,0.08333333333333333,3.584962500721156,1,12,0.5,1,1,0.001
73,4,73,68,73_7,higher,63,74,12,0.08333333333333333,3.584962500721156,1,68,1,0,6,0.5,6,0.16666666666666666,2.584962500721156,1,6,0.5,1,1,0.001
73,5,73,71,73_7,higher,69,74,6,0.16666666666666666,2.584962500721156,1,71,1,0,3,0.5,3,0.3333333333333333,1.584962500721156,1,3,0.5,1,1,0.001
73,6,73,73,73_7,correct,72,74,3,0.3333333333333333,1.584962500721156,1.584962500721156,73,1,0,2,0.6666666666666666,1,1,-0,1.584962500721156,2,0.6666666666666666,1,1,0.001
74,1,74,50,74_7,higher,1,100,100,0.01,6.643856189774724,1,50,1,0,50,0.5,50,0.02,5.643856189774724,1,50,0.5,1,1,0.001
74,2,74,75,74_7,lower,51,100,50,0.02,5.643856189774724,1.0588936890535683,75,1,0,26,0.52,25,0.04,4.643856189774724,1,25,0.5,1.0588936890535683,1.04,0.001
74,3,74,62,74_7,higher,51,74,24,0.041666666666666664,4.584962500721156,1,62,1,0,12,0.5,12,0.08333333333333333,3.584962500721156,1,12,0.5,1,1,0.001
74,4,74,68,74_7,higher,63,74,12,0.08333333333333333,3.584962500721156,1,68,1,0,6,0.5,6,0.16666666666666666,2.584962500721156,1,6,0.5,1,1,0.001
74,5,74,71,74_7,higher,69,74,6,0.16666666666666666,2.584962500721156,1,71,1,0,3,0.5,3,0.3333333333333333,1.584962500721156,1,3,0.5,1,1,0.001
74,6,74,73,74_7,higher,72,74,3,0.3333333333333333,1.584962500721156,1.584962500721156,73,1,0,2,0.6666666666666666,1,1,-0,1.584962500721156,2,0.6666666666666666,1,1,0.001
74,7,74,74,74_7,correct,74,74,1,1,-0,-0,74,1,0,0,0,1,1,-0,0,0,0,NA,NA,0.001
75,1,75,50,75_7,higher,1,100,100,0.01,6.643856189774724,1,50,1,0,50,0.5,50,0.02,5.643856189774724,1,50,0.5,1,1,0.001
75,2,75,75,75_7,correct,51,100,50,0.02,5.643856189774724,5.643856189774724,75,1,0,49,0.98,1,1,-0,5.643856189774724,49,0.98,1,1,0.001
76,1,76,50,76_7,higher,1,100,100,0.01,6.643856189774724,1,50,1,0,50,0.5,50,0.02,5.643856189774724,1,50,0.5,1,1,0.001
76,2,76,75,76_7,higher,51,100,50,0.02,5.643856189774724,1,75,1,0,25,0.5,25,0.04,4.643856189774724,1,25,0.5,1,1,0.001
76,3,76,88,76_7,lower,76,100,25,0.04,4.643856189774724,1.0588936890535683,88,1,0,13,0.52,13,0.07692307692307693,3.7004397181410926,0.9434164716336317,12,0.48,1.1224032237003185,1.0833333333333335,0.001
76,4,76,81,76_7,lower,76,87,12,0.08333333333333333,3.584962500721156,1.263034405833794,81,1,0,7,0.5833333333333334,6,0.16666666666666666,2.584962500721156,1,6,0.5,1.263034405833794,1.1666666666666667,0.001
76,5,76,78,76_7,lower,76,80,5,0.2,2.321928094887362,1.3219280948873622,78,1,0,3,0.6,3,0.3333333333333333,1.584962500721156,0.7369655941662061,2,0.4,1.7937446542303994,1.4999999999999998,0.001
76,6,76,76,76_7,correct,76,77,2,0.5,1,1,76,1,0,1,0.5,1,1,-0,1,1,0.5,1,1,0.001
77,1,77,50,77_7,higher,1,100,100,0.01,6.643856189774724,1,50,1,0,50,0.5,50,0.02,5.643856189774724,1,50,0.5,1,1,0.001
77,2,77,75,77_7,higher,51,100,50,0.02,5.643856189774724,1,75,1,0,25,0.5,25,0.04,4.643856189774724,1,25,0.5,1,1,0.001
77,3,77,88,77_7,lower,76,100,25,0.04,4.643856189774724,1.0588936890535683,88,1,0,13,0.52,13,0.07692307692307693,3.7004397181410926,0.9434164716336317,12,0.48,1.1224032237003185,1.0833333333333335,0.001
77,4,77,81,77_7,lower,76,87,12,0.08333333333333333,3.584962500721156,1.263034405833794,81,1,0,7,0.5833333333333334,6,0.16666666666666666,2.584962500721156,1,6,0.5,1.263034405833794,1.1666666666666667,0.001
77,5,77,78,77_7,lower,76,80,5,0.2,2.321928094887362,1.3219280948873622,78,1,0,3,0.6,3,0.3333333333333333,1.584962500721156,0.7369655941662061,2,0.4,1.7937446542303994,1.4999999999999998,0.001
77,6,77,76,77_7,higher,76,77,2,0.5,1,1,76,1,0,1,0.5,1,1,-0,1,1,0.5,1,1,0.001
77,7,77,77,77_7,correct,77,77,1,1,-0,-0,77,1,0,0,0,1,1,-0,0,0,0,NA,NA,0.001
78,1,78,50,78_7,higher,1,100,100,0.01,6.643856189774724,1,50,1,0,50,0.5,50,0.02,5.643856189774724,1,50,0.5,1,1,0.001
78,2,78,75,78_7,higher,51,100,50,0.02,5.643856189774724,1,75,1,0,25,0.5,25,0.04,4.643856189774724,1,25,0.5,1,1,0.001
78,3,78,88,78_7,lower,76,100,25,0.04,4.643856189774724,1.0588936890535683,88,1,0,13,0.52,13,0.07692307692307693,3.7004397181410926,0.9434164716336317,12,0.48,1.1224032237003185,1.0833333333333335,0.001
78,4,78,81,78_7,lower,76,87,12,0.08333333333333333,3.584962500721156,1.263034405833794,81,1,0,7,0.5833333333333334,6,0.16666666666666666,2.584962500721156,1,6,0.5,1.263034405833794,1.1666666666666667,0.001
78,5,78,78,78_7,correct,76,80,5,0.2,2.321928094887362,2.321928094887362,78,1,0,4,0.8,1,1,-0,2.321928094887362,4,0.8,1,1,0.001
79,1,79,50,79_7,higher,1,100,100,0.01,6.643856189774724,1,50,1,0,50,0.5,50,0.02,5.643856189774724,1,50,0.5,1,1,0.001
79,2,79,75,79_7,higher,51,100,50,0.02,5.643856189774724,1,75,1,0,25,0.5,25,0.04,4.643856189774724,1,25,0.5,1,1,0.001
79,3,79,88,79_7,lower,76,100,25,0.04,4.643856189774724,1.0588936890535683,88,1,0,13,0.52,13,0.07692307692307693,3.7004397181410926,0.9434164716336317,12,0.48,1.1224032237003185,1.0833333333333335,0.001
79,4,79,81,79_7,lower,76,87,12,0.08333333333333333,3.584962500721156,1.263034405833794,81,1,0,7,0.5833333333333334,6,0.16666666666666666,2.584962500721156,1,6,0.5,1.263034405833794,1.1666666666666667,0.001
79,5,79,78,79_7,higher,76,80,5,0.2,2.321928094887362,1.3219280948873622,78,1,0,3,0.6,2,0.5,1,1.3219280948873622,3,0.6,1,1,0.001
79,6,79,79,79_7,correct,79,80,2,0.5,1,1,79,1,0,1,0.5,1,1,-0,1,1,0.5,1,1,0.001
80,1,80,50,80_7,higher,1,100,100,0.01,6.643856189774724,1,50,1,0,50,0.5,50,0.02,5.643856189774724,1,50,0.5,1,1,0.001
80,2,80,75,80_7,higher,51,100,50,0.02,5.643856189774724,1,75,1,0,25,0.5,25,0.04,4.643856189774724,1,25,0.5,1,1,0.001
80,3,80,88,80_7,lower,76,100,25,0.04,4.643856189774724,1.0588936890535683,88,1,0,13,0.52,13,0.07692307692307693,3.7004397181410926,0.9434164716336317,12,0.48,1.1224032237003185,1.0833333333333335,0.001
80,4,80,81,80_7,lower,76,87,12,0.08333333333333333,3.584962500721156,1.263034405833794,81,1,0,7,0.5833333333333334,6,0.16666666666666666,2.584962500721156,1,6,0.5,1.263034405833794,1.1666666666666667,0.001
80,5,80,78,80_7,higher,76,80,5,0.2,2.321928094887362,1.3219280948873622,78,1,0,3,0.6,2,0.5,1,1.3219280948873622,3,0.6,1,1,0.001
80,6,80,79,80_7,higher,79,80,2,0.5,1,1,79,1,0,1,0.5,1,1,-0,1,1,0.5,1,1,0.001
80,7,80,80,80_7,correct,80,80,1,1,-0,-0,80,1,0,0,0,1,1,-0,0,0,0,NA,NA,0.001
81,1,81,50,81_7,higher,1,100,100,0.01,6.643856189774724,1,50,1,0,50,0.5,50,0.02,5.643856189774724,1,50,0.5,1,1,0.001
81,2,81,75,81_7,higher,51,100,50,0.02,5.643856189774724,1,75,1,0,25,0.5,25,0.04,4.643856189774724,1,25,0.5,1,1,0.001
81,3,81,88,81_7,lower,76,100,25,0.04,4.643856189774724,1.0588936890535683,88,1,0,13,0.52,13,0.07692307692307693,3.7004397181410926,0.9434164716336317,12,0.48,1.1224032237003185,1.0833333333333335,0.001
81,4,81,81,81_7,correct,76,87,12,0.08333333333333333,3.584962500721156,3.584962500721156,81,1,0,11,0.9166666666666666,1,1,-0,3.584962500721156,11,0.9166666666666666,1,1,0.001
82,1,82,50,82_7,higher,1,100,100,0.01,6.643856189774724,1,50,1,0,50,0.5,50,0.02,5.643856189774724,1,50,0.5,1,1,0.001
82,2,82,75,82_7,higher,51,100,50,0.02,5.643856189774724,1,75,1,0,25,0.5,25,0.04,4.643856189774724,1,25,0.5,1,1,0.001
82,3,82,88,82_7,lower,76,100,25,0.04,4.643856189774724,1.0588936890535683,88,1,0,13,0.52,13,0.07692307692307693,3.7004397181410926,0.9434164716336317,12,0.48,1.1224032237003185,1.0833333333333335,0.001
82,4,82,81,82_7,higher,76,87,12,0.08333333333333333,3.584962500721156,1,81,1,0,6,0.5,6,0.16666666666666666,2.584962500721156,1,6,0.5,1,1,0.001
82,5,82,84,82_7,lower,82,87,6,0.16666666666666666,2.584962500721156,1.584962500721156,84,1,0,4,0.6666666666666666,3,0.3333333333333333,1.584962500721156,1,3,0.5,1.584962500721156,1.3333333333333333,0.001
82,6,82,82,82_7,correct,82,83,2,0.5,1,1,82,1,0,1,0.5,1,1,-0,1,1,0.5,1,1,0.001
83,1,83,50,83_7,higher,1,100,100,0.01,6.643856189774724,1,50,1,0,50,0.5,50,0.02,5.643856189774724,1,50,0.5,1,1,0.001
83,2,83,75,83_7,higher,51,100,50,0.02,5.643856189774724,1,75,1,0,25,0.5,25,0.04,4.643856189774724,1,25,0.5,1,1,0.001
83,3,83,88,83_7,lower,76,100,25,0.04,4.643856189774724,1.0588936890535683,88,1,0,13,0.52,13,0.07692307692307693,3.7004397181410926,0.9434164716336317,12,0.48,1.1224032237003185,1.0833333333333335,0.001
83,4,83,81,83_7,higher,76,87,12,0.08333333333333333,3.584962500721156,1,81,1,0,6,0.5,6,0.16666666666666666,2.584962500721156,1,6,0.5,1,1,0.001
83,5,83,84,83_7,lower,82,87,6,0.16666666666666666,2.584962500721156,1.584962500721156,84,1,0,4,0.6666666666666666,3,0.3333333333333333,1.584962500721156,1,3,0.5,1.584962500721156,1.3333333333333333,0.001
83,6,83,82,83_7,higher,82,83,2,0.5,1,1,82,1,0,1,0.5,1,1,-0,1,1,0.5,1,1,0.001
83,7,83,83,83_7,correct,83,83,1,1,-0,-0,83,1,0,0,0,1,1,-0,0,0,0,NA,NA,0.001
84,1,84,50,84_7,higher,1,100,100,0.01,6.643856189774724,1,50,1,0,50,0.5,50,0.02,5.643856189774724,1,50,0.5,1,1,0.001
84,2,84,75,84_7,higher,51,100,50,0.02,5.643856189774724,1,75,1,0,25,0.5,25,0.04,4.643856189774724,1,25,0.5,1,1,0.001
84,3,84,88,84_7,lower,76,100,25,0.04,4.643856189774724,1.0588936890535683,88,1,0,13,0.52,13,0.07692307692307693,3.7004397181410926,0.9434164716336317,12,0.48,1.1224032237003185,1.0833333333333335,0.001
84,4,84,81,84_7,higher,76,87,12,0.08333333333333333,3.584962500721156,1,81,1,0,6,0.5,6,0.16666666666666666,2.584962500721156,1,6,0.5,1,1,0.001
84,5,84,84,84_7,correct,82,87,6,0.16666666666666666,2.584962500721156,2.584962500721156,84,1,0,5,0.8333333333333334,1,1,-0,2.584962500721156,5,0.8333333333333334,1,1,0.001
85,1,85,50,85_7,higher,1,100,100,0.01,6.643856189774724,1,50,1,0,50,0.5,50,0.02,5.643856189774724,1,50,0.5,1,1,0.001
85,2,85,75,85_7,higher,51,100,50,0.02,5.643856189774724,1,75,1,0,25,0.5,25,0.04,4.643856189774724,1,25,0.5,1,1,0.001
85,3,85,88,85_7,lower,76,100,25,0.04,4.643856189774724,1.0588936890535683,88,1,0,13,0.52,13,0.07692307692307693,3.7004397181410926,0.9434164716336317,12,0.48,1.1224032237003185,1.0833333333333335,0.001
85,4,85,81,85_7,higher,76,87,12,0.08333333333333333,3.584962500721156,1,81,1,0,6,0.5,6,0.16666666666666666,2.584962500721156,1,6,0.5,1,1,0.001
85,5,85,84,85_7,higher,82,87,6,0.16666666666666666,2.584962500721156,1,84,1,0,3,0.5,3,0.3333333333333333,1.584962500721156,1,3,0.5,1,1,0.001
85,6,85,86,85_7,lower,85,87,3,0.3333333333333333,1.584962500721156,1.584962500721156,86,1,0,2,0.6666666666666666,2,0.5,1,0.5849625007211561,1,0.3333333333333333,2.709511291351455,2,0.001
85,7,85,85,85_7,correct,85,85,1,1,-0,-0,85,1,0,0,0,1,1,-0,0,0,0,NA,NA,0.001
86,1,86,50,86_7,higher,1,100,100,0.01,6.643856189774724,1,50,1,0,50,0.5,50,0.02,5.643856189774724,1,50,0.5,1,1,0.001
86,2,86,75,86_7,higher,51,100,50,0.02,5.643856189774724,1,75,1,0,25,0.5,25,0.04,4.643856189774724,1,25,0.5,1,1,0.001
86,3,86,88,86_7,lower,76,100,25,0.04,4.643856189774724,1.0588936890535683,88,1,0,13,0.52,13,0.07692307692307693,3.7004397181410926,0.9434164716336317,12,0.48,1.1224032237003185,1.0833333333333335,0.001
86,4,86,81,86_7,higher,76,87,12,0.08333333333333333,3.584962500721156,1,81,1,0,6,0.5,6,0.16666666666666666,2.584962500721156,1,6,0.5,1,1,0.001
86,5,86,84,86_7,higher,82,87,6,0.16666666666666666,2.584962500721156,1,84,1,0,3,0.5,3,0.3333333333333333,1.584962500721156,1,3,0.5,1,1,0.001
86,6,86,86,86_7,correct,85,87,3,0.3333333333333333,1.584962500721156,1.584962500721156,86,1,0,2,0.6666666666666666,1,1,-0,1.584962500721156,2,0.6666666666666666,1,1,0.001
87,1,87,50,87_7,higher,1,100,100,0.01,6.643856189774724,1,50,1,0,50,0.5,50,0.02,5.643856189774724,1,50,0.5,1,1,0.001
87,2,87,75,87_7,higher,51,100,50,0.02,5.643856189774724,1,75,1,0,25,0.5,25,0.04,4.643856189774724,1,25,0.5,1,1,0.001
87,3,87,88,87_7,lower,76,100,25,0.04,4.643856189774724,1.0588936890535683,88,1,0,13,0.52,13,0.07692307692307693,3.7004397181410926,0.9434164716336317,12,0.48,1.1224032237003185,1.0833333333333335,0.001
87,4,87,81,87_7,higher,76,87,12,0.08333333333333333,3.584962500721156,1,81,1,0,6,0.5,6,0.16666666666666666,2.584962500721156,1,6,0.5,1,1,0.001
87,5,87,84,87_7,higher,82,87,6,0.16666666666666666,2.584962500721156,1,84,1,0,3,0.5,3,0.3333333333333333,1.584962500721156,1,3,0.5,1,1,0.001
87,6,87,86,87_7,higher,85,87,3,0.3333333333333333,1.584962500721156,1.584962500721156,86,1,0,2,0.6666666666666666,1,1,-0,1.584962500721156,2,0.6666666666666666,1,1,0.001
87,7,87,87,87_7,correct,87,87,1,1,-0,-0,87,1,0,0,0,1,1,-0,0,0,0,NA,NA,0.001
88,1,88,50,88_7,higher,1,100,100,0.01,6.643856189774724,1,50,1,0,50,0.5,50,0.02,5.643856189774724,1,50,0.5,1,1,0.001
88,2,88,75,88_7,higher,51,100,50,0.02,5.643856189774724,1,75,1,0,25,0.5,25,0.04,4.643856189774724,1,25,0.5,1,1,0.001
88,3,88,88,88_7,correct,76,100,25,0.04,4.643856189774724,4.643856189774724,88,1,0,24,0.96,1,1,-0,4.643856189774724,24,0.96,1,1,0.001
89,1,89,50,89_7,higher,1,100,100,0.01,6.643856189774724,1,50,1,0,50,0.5,50,0.02,5.643856189774724,1,50,0.5,1,1,0.001
89,2,89,75,89_7,higher,51,100,50,0.02,5.643856189774724,1,75,1,0,25,0.5,25,0.04,4.643856189774724,1,25,0.5,1,1,0.001
89,3,89,88,89_7,higher,76,100,25,0.04,4.643856189774724,1.0588936890535683,88,1,0,13,0.52,12,0.08333333333333333,3.584962500721156,1.0588936890535683,13,0.52,1,1,0.001
89,4,89,94,89_7,lower,89,100,12,0.08333333333333333,3.584962500721156,1.263034405833794,94,1,0,7,0.5833333333333334,6,0.16666666666666666,2.584962500721156,1,6,0.5,1.263034405833794,1.1666666666666667,0.001
89,5,89,91,89_7,lower,89,93,5,0.2,2.321928094887362,1.3219280948873622,91,1,0,3,0.6,3,0.3333333333333333,1.584962500721156,0.7369655941662061,2,0.4,1.7937446542303994,1.4999999999999998,0.001
89,6,89,89,89_7,correct,89,90,2,0.5,1,1,89,1,0,1,0.5,1,1,-0,1,1,0.5,1,1,0.001
90,1,90,50,90_7,higher,1,100,100,0.01,6.643856189774724,1,50,1,0,50,0.5,50,0.02,5.643856189774724,1,50,0.5,1,1,0.001
90,2,90,75,90_7,higher,51,100,50,0.02,5.643856189774724,1,75,1,0,25,0.5,25,0.04,4.643856189774724,1,25,0.5,1,1,0.001
90,3,90,88,90_7,higher,76,100,25,0.04,4.643856189774724,1.0588936890535683,88,1,0,13,0.52,12,0.08333333333333333,3.584962500721156,1.0588936890535683,13,0.52,1,1,0.001
90,4,90,94,90_7,lower,89,100,12,0.08333333333333333,3.584962500721156,1.263034405833794,94,1,0,7,0.5833333333333334,6,0.16666666666666666,2.584962500721156,1,6,0.5,1.263034405833794,1.1666666666666667,0.001
90,5,90,91,90_7,lower,89,93,5,0.2,2.321928094887362,1.3219280948873622,91,1,0,3,0.6,3,0.3333333333333333,1.584962500721156,0.7369655941662061,2,0.4,1.7937446542303994,1.4999999999999998,0.001
90,6,90,89,90_7,higher,89,90,2,0.5,1,1,89,1,0,1,0.5,1,1,-0,1,1,0.5,1,1,0.001
90,7,90,90,90_7,correct,90,90,1,1,-0,-0,90,1,0,0,0,1,1,-0,0,0,0,NA,NA,0.001
91,1,91,50,91_7,higher,1,100,100,0.01,6.643856189774724,1,50,1,0,50,0.5,50,0.02,5.643856189774724,1,50,0.5,1,1,0.001
91,2,91,75,91_7,higher,51,100,50,0.02,5.643856189774724,1,75,1,0,25,0.5,25,0.04,4.643856189774724,1,25,0.5,1,1,0.001
91,3,91,88,91_7,higher,76,100,25,0.04,4.643856189774724,1.0588936890535683,88,1,0,13,0.52,12,0.08333333333333333,3.584962500721156,1.0588936890535683,13,0.52,1,1,0.001
91,4,91,94,91_7,lower,89,100,12,0.08333333333333333,3.584962500721156,1.263034405833794,94,1,0,7,0.5833333333333334,6,0.16666666666666666,2.584962500721156,1,6,0.5,1.263034405833794,1.1666666666666667,0.001
91,5,91,91,91_7,correct,89,93,5,0.2,2.321928094887362,2.321928094887362,91,1,0,4,0.8,1,1,-0,2.321928094887362,4,0.8,1,1,0.001
92,1,92,50,92_7,higher,1,100,100,0.01,6.643856189774724,1,50,1,0,50,0.5,50,0.02,5.643856189774724,1,50,0.5,1,1,0.001
92,2,92,75,92_7,higher,51,100,50,0.02,5.643856189774724,1,75,1,0,25,0.5,25,0.04,4.643856189774724,1,25,0.5,1,1,0.001
92,3,92,88,92_7,higher,76,100,25,0.04,4.643856189774724,1.0588936890535683,88,1,0,13,0.52,12,0.08333333333333333,3.584962500721156,1.0588936890535683,13,0.52,1,1,0.001
92,4,92,94,92_7,lower,89,100,12,0.08333333333333333,3.584962500721156,1.263034405833794,94,1,0,7,0.5833333333333334,6,0.16666666666666666,2.584962500721156,1,6,0.5,1.263034405833794,1.1666666666666667,0.001
92,5,92,91,92_7,higher,89,93,5,0.2,2.321928094887362,1.3219280948873622,91,1,0,3,0.6,2,0.5,1,1.3219280948873622,3,0.6,1,1,0.001
92,6,92,92,92_7,correct,92,93,2,0.5,1,1,92,1,0,1,0.5,1,1,-0,1,1,0.5,1,1,0.001
93,1,93,50,93_7,higher,1,100,100,0.01,6.643856189774724,1,50,1,0,50,0.5,50,0.02,5.643856189774724,1,50,0.5,1,1,0.001
93,2,93,75,93_7,higher,51,100,50,0.02,5.643856189774724,1,75,1,0,25,0.5,25,0.04,4.643856189774724,1,25,0.5,1,1,0.001
93,3,93,88,93_7,higher,76,100,25,0.04,4.643856189774724,1.0588936890535683,88,1,0,13,0.52,12,0.08333333333333333,3.584962500721156,1.0588936890535683,13,0.52,1,1,0.001
93,4,93,94,93_7,lower,89,100,12,0.08333333333333333,3.584962500721156,1.263034405833794,94,1,0,7,0.5833333333333334,6,0.16666666666666666,2.584962500721156,1,6,0.5,1.263034405833794,1.1666666666666667,0.001
93,5,93,91,93_7,higher,89,93,5,0.2,2.321928094887362,1.3219280948873622,91,1,0,3,0.6,2,0.5,1,1.3219280948873622,3,0.6,1,1,0.001
93,6,93,92,93_7,higher,92,93,2,0.5,1,1,92,1,0,1,0.5,1,1,-0,1,1,0.5,1,1,0.001
93,7,93,93,93_7,correct,93,93,1,1,-0,-0,93,1,0,0,0,1,1,-0,0,0,0,NA,NA,0.001
94,1,94,50,94_7,higher,1,100,100,0.01,6.643856189774724,1,50,1,0,50,0.5,50,0.02,5.643856189774724,1,50,0.5,1,1,0.001
94,2,94,75,94_7,higher,51,100,50,0.02,5.643856189774724,1,75,1,0,25,0.5,25,0.04,4.643856189774724,1,25,0.5,1,1,0.001
94,3,94,88,94_7,higher,76,100,25,0.04,4.643856189774724,1.0588936890535683,88,1,0,13,0.52,12,0.08333333333333333,3.584962500721156,1.0588936890535683,13,0.52,1,1,0.001
94,4,94,94,94_7,correct,89,100,12,0.08333333333333333,3.584962500721156,3.584962500721156,94,1,0,11,0.9166666666666666,1,1,-0,3.584962500721156,11,0.9166666666666666,1,1,0.001
95,1,95,50,95_7,higher,1,100,100,0.01,6.643856189774724,1,50,1,0,50,0.5,50,0.02,5.643856189774724,1,50,0.5,1,1,0.001
95,2,95,75,95_7,higher,51,100,50,0.02,5.643856189774724,1,75,1,0,25,0.5,25,0.04,4.643856189774724,1,25,0.5,1,1,0.001
95,3,95,88,95_7,higher,76,100,25,0.04,4.643856189774724,1.0588936890535683,88,1,0,13,0.52,12,0.08333333333333333,3.584962500721156,1.0588936890535683,13,0.52,1,1,0.001
95,4,95,94,95_7,higher,89,100,12,0.08333333333333333,3.584962500721156,1,94,1,0,6,0.5,6,0.16666666666666666,2.584962500721156,1,6,0.5,1,1,0.001
95,5,95,97,95_7,lower,95,100,6,0.16666666666666666,2.584962500721156,1.584962500721156,97,1,0,4,0.6666666666666666,3,0.3333333333333333,1.584962500721156,1,3,0.5,1.584962500721156,1.3333333333333333,0.001
95,6,95,95,95_7,correct,95,96,2,0.5,1,1,95,1,0,1,0.5,1,1,-0,1,1,0.5,1,1,0.001
96,1,96,50,96_7,higher,1,100,100,0.01,6.643856189774724,1,50,1,0,50,0.5,50,0.02,5.643856189774724,1,50,0.5,1,1,0.001
96,2,96,75,96_7,higher,51,100,50,0.02,5.643856189774724,1,75,1,0,25,0.5,25,0.04,4.643856189774724,1,25,0.5,1,1,0.001
96,3,96,88,96_7,higher,76,100,25,0.04,4.643856189774724,1.0588936890535683,88,1,0,13,0.52,12,0.08333333333333333,3.584962500721156,1.0588936890535683,13,0.52,1,1,0.001
96,4,96,94,96_7,higher,89,100,12,0.08333333333333333,3.584962500721156,1,94,1,0,6,0.5,6,0.16666666666666666,2.584962500721156,1,6,0.5,1,1,0.001
96,5,96,97,96_7,lower,95,100,6,0.16666666666666666,2.584962500721156,1.584962500721156,97,1,0,4,0.6666666666666666,3,0.3333333333333333,1.584962500721156,1,3,0.5,1.584962500721156,1.3333333333333333,0.001
96,6,96,95,96_7,higher,95,96,2,0.5,1,1,95,1,0,1,0.5,1,1,-0,1,1,0.5,1,1,0.001
96,7,96,96,96_7,correct,96,96,1,1,-0,-0,96,1,0,0,0,1,1,-0,0,0,0,NA,NA,0.001
97,1,97,50,97_7,higher,1,100,100,0.01,6.643856189774724,1,50,1,0,50,0.5,50,0.02,5.643856189774724,1,50,0.5,1,1,0.001
97,2,97,75,97_7,higher,51,100,50,0.02,5.643856189774724,1,75,1,0,25,0.5,25,0.04,4.643856189774724,1,25,0.5,1,1,0.001
97,3,97,88,97_7,higher,76,100,25,0.04,4.643856189774724,1.0588936890535683,88,1,0,13,0.52,12,0.08333333333333333,3.584962500721156,1.0588936890535683,13,0.52,1,1,0.001
97,4,97,94,97_7,higher,89,100,12,0.08333333333333333,3.584962500721156,1,94,1,0,6,0.5,6,0.16666666666666666,2.584962500721156,1,6,0.5,1,1,0.001
97,5,97,97,97_7,correct,95,100,6,0.16666666666666666,2.584962500721156,2.584962500721156,97,1,0,5,0.8333333333333334,1,1,-0,2.584962500721156,5,0.8333333333333334,1,1,0.001
98,1,98,50,98_7,higher,1,100,100,0.01,6.643856189774724,1,50,1,0,50,0.5,50,0.02,5.643856189774724,1,50,0.5,1,1,0.001
98,2,98,75,98_7,higher,51,100,50,0.02,5.643856189774724,1,75,1,0,25,0.5,25,0.04,4.643856189774724,1,25,0.5,1,1,0.001
98,3,98,88,98_7,higher,76,100,25,0.04,4.643856189774724,1.0588936890535683,88,1,0,13,0.52,12,0.08333333333333333,3.584962500721156,1.0588936890535683,13,0.52,1,1,0.001
98,4,98,94,98_7,higher,89,100,12,0.08333333333333333,3.584962500721156,1,94,1,0,6,0.5,6,0.16666666666666666,2.584962500721156,1,6,0.5,1,1,0.001
98,5,98,97,98_7,higher,95,100,6,0.16666666666666666,2.584962500721156,1,97,1,0,3,0.5,3,0.3333333333333333,1.584962500721156,1,3,0.5,1,1,0.001
98,6,98,99,98_7,lower,98,100,3,0.3333333333333333,1.584962500721156,1.584962500721156,99,1,0,2,0.6666666666666666,2,0.5,1,0.5849625007211561,1,0.3333333333333333,2.709511291351455,2,0.001
98,7,98,98,98_7,correct,98,98,1,1,-0,-0,98,1,0,0,0,1,1,-0,0,0,0,NA,NA,0.001
99,1,99,50,99_7,higher,1,100,100,0.01,6.643856189774724,1,50,1,0,50,0.5,50,0.02,5.643856189774724,1,50,0.5,1,1,0.001
99,2,99,75,99_7,higher,51,100,50,0.02,5.643856189774724,1,75,1,0,25,0.5,25,0.04,4.643856189774724,1,25,0.5,1,1,0.001
99,3,99,88,99_7,higher,76,100,25,0.04,4.643856189774724,1.0588936890535683,88,1,0,13,0.52,12,0.08333333333333333,3.584962500721156,1.0588936890535683,13,0.52,1,1,0.001
99,4,99,94,99_7,higher,89,100,12,0.08333333333333333,3.584962500721156,1,94,1,0,6,0.5,6,0.16666666666666666,2.584962500721156,1,6,0.5,1,1,0.001
99,5,99,97,99_7,higher,95,100,6,0.16666666666666666,2.584962500721156,1,97,1,0,3,0.5,3,0.3333333333333333,1.584962500721156,1,3,0.5,1,1,0.001
99,6,99,99,99_7,correct,98,100,3,0.3333333333333333,1.584962500721156,1.584962500721156,99,1,0,2,0.6666666666666666,1,1,-0,1.584962500721156,2,0.6666666666666666,1,1,0.001
100,1,100,50,100_7,higher,1,100,100,0.01,6.643856189774724,1,50,1,0,50,0.5,50,0.02,5.643856189774724,1,50,0.5,1,1,0.001
100,2,100,75,100_7,higher,51,100,50,0.02,5.643856189774724,1,75,1,0,25,0.5,25,0.04,4.643856189774724,1,25,0.5,1,1,0.001
100,3,100,88,100_7,higher,76,100,25,0.04,4.643856189774724,1.0588936890535683,88,1,0,13,0.52,12,0.08333333333333333,3.584962500721156,1.0588936890535683,13,0.52,1,1,0.001
100,4,100,94,100_7,higher,89,100,12,0.08333333333333333,3.584962500721156,1,94,1,0,6,0.5,6,0.16666666666666666,2.584962500721156,1,6,0.5,1,1,0.001
100,5,100,97,100_7,higher,95,100,6,0.16666666666666666,2.584962500721156,1,97,1,0,3,0.5,3,0.3333333333333333,1.584962500721156,1,3,0.5,1,1,0.001
100,6,100,99,100_7,higher,98,100,3,0.3333333333333333,1.584962500721156,1.584962500721156,99,1,0,2,0.6666666666666666,1,1,-0,1.584962500721156,2,0.6666666666666666,1,1,0.001
100,7,100,100,100_7,correct,100,100,1,1,-0,-0,100,1,0,0,0,1,1,-0,0,0,0,NA,NA,0.001
